tier,identities,bust_month,identity_cost_usdc,mean_line_at_bust_usdc,extracted_usdc,interest_paid_usdc,profit_ic_usdc,profit_violated_usdc,lender_loss_on_attackers_usdc,attacker_dues_usdc,loss_on_issued_lines_usdc,byzantine_bound_usdc
basic,1,22,15,14.6059,15.8025,1.84101,-1.03847,10.2115,15.8025,1.19664,14.6059,15
basic,2,22,15,14.6059,31.6051,3.68201,-2.07693,20.4231,31.6051,2.39328,29.2118,30
basic,4,22,15,14.6059,63.2102,7.36402,-4.15387,40.8461,63.2102,4.78656,58.4236,60
basic,8,22,15,14.6059,126.42,14.728,-8.30774,81.6923,126.42,9.57311,116.847,120
basic,16,22,15,14.6059,252.841,29.4561,-16.6155,163.385,252.841,19.1462,233.694,240
basic,32,22,15,14.6059,505.681,58.9122,-33.2309,326.769,505.681,38.2924,467.389,480
basic,64,22,15,14.5972,1010.68,117.622,-66.946,653.054,1010.68,76.4531,934.222,960
standard,1,23,40,30.985,32.4717,2.28726,-9.81556,20.1844,32.4717,1.4867,30.985,40
standard,2,23,40,30.985,64.9434,4.57451,-19.6311,40.3689,64.9434,2.97339,61.97,80
standard,4,23,40,30.985,129.887,9.14902,-39.2622,80.7378,129.887,5.94678,123.94,160
standard,8,23,40,30.985,259.774,18.298,-78.5245,161.476,259.774,11.8936,247.88,320
standard,16,23,40,30.985,519.547,36.5961,-157.049,322.951,519.547,23.7871,495.76,640
standard,32,23,40,30.985,1039.09,73.1922,-314.098,645.902,1039.09,47.5742,991.52,1280
standard,64,23,40,30.7813,2064.73,145.737,-641.004,1279,2064.73,94.7275,1970.01,2560
enhanced,1,23,120,49.4342,50.9472,2.32774,-71.3805,18.6195,50.9472,1.51301,49.4342,100
enhanced,2,23,120,49.4342,101.894,4.65548,-142.761,37.2389,101.894,3.02602,98.8684,200
enhanced,4,23,120,49.4342,203.789,9.31095,-285.522,74.4779,203.789,6.05204,197.737,400
enhanced,8,23,120,49.4342,407.578,18.6219,-571.044,148.956,407.578,12.1041,395.474,800
enhanced,16,23,120,49.4342,815.155,37.2438,-1142.09,297.912,815.155,24.2081,790.947,1600
enhanced,32,23,120,49.4342,1630.31,74.4876,-2284.18,595.823,1630.31,48.4163,1581.89,3200
enhanced,64,23,120,46.2954,3059.74,148.975,-4769.24,990.762,3059.74,96.8326,2962.9,6400
