tier,bust_month,line_at_bust_usdc,extracted_usdc,interest_paid_usdc,gross_usdc,identity_cost_usdc
basic,0,6.1003,6.1003,0,6.1003,15
basic,1,6.1003,6.14043,0.061738,6.07869,15
basic,2,6.6035,6.68402,0.123883,6.56014,15
basic,3,7.0774,7.20189,0.191529,7.01036,15
basic,4,7.5647,7.73657,0.264416,7.47215,15
basic,5,8.062,8.28476,0.342714,7.94205,15
basic,6,8.5695,8.84676,0.426561,8.4202,15
basic,7,9.0871,9.42256,0.516095,8.90646,15
basic,8,9.6145,10.0119,0.611457,9.40049,15
basic,9,10.1517,10.6149,0.712663,9.90226,15
basic,10,10.6976,11.2266,0.813869,10.4127,15
basic,11,11.2078,11.8026,0.915075,10.8875,15
basic,12,11.6851,12.3457,1.01628,11.3294,15
basic,13,12.1317,12.8581,1.11749,11.7406,15
basic,14,12.55,13.3421,1.21869,12.1234,15
basic,15,12.942,13.7999,1.3199,12.48,15
basic,16,13.3094,14.2331,1.42111,12.812,15
basic,17,13.654,14.6435,1.52231,13.1212,15
basic,18,13.9774,15.0327,1.62352,13.4092,15
basic,19,14.281,15.4021,1.72472,13.6773,15
basic,20,14.566,15.7528,1.82593,13.9269,15
basic,21,14.8338,16.0864,1.92714,14.1593,15
basic,22,15,16.3184,2.02834,14.2901,15
basic,23,15,16.3842,2.12955,14.2546,15
standard,0,21.8854,21.8854,0,21.8854,40
standard,1,21.8854,21.9512,0.101206,21.85,40
standard,2,22.6602,22.7918,0.202412,22.5894,40
standard,3,23.3813,23.5786,0.303618,23.275,40
standard,4,24.0531,24.3162,0.404824,23.9114,40
standard,5,24.6794,25.0083,0.50603,24.5023,40
standard,6,25.264,25.6587,0.607236,25.0515,40
standard,7,25.8099,26.2704,0.708442,25.5619,40
standard,8,26.3202,26.8465,0.809648,26.0368,40
standard,9,26.7976,27.3896,0.910854,26.4788,40
standard,10,27.2443,27.9021,1.01206,26.8901,40
standard,11,27.6626,28.3862,1.11327,27.2729,40
standard,12,28.0546,28.844,1.21447,27.6295,40
standard,13,28.4221,29.2773,1.31568,27.9616,40
standard,14,28.7668,29.6878,1.41688,28.2709,40
standard,15,29.0902,30.0769,1.51809,28.5589,40
standard,16,29.3938,30.4463,1.6193,28.827,40
standard,17,29.679,30.7973,1.7205,29.0768,40
standard,18,29.9468,31.1309,1.82171,29.3092,40
standard,19,30.1985,31.4484,1.92291,29.5255,40
standard,20,30.4351,31.7508,2.02412,29.7266,40
standard,21,30.6575,32.0389,2.12533,29.9136,40
standard,22,30.8668,32.314,2.22653,30.0875,40
standard,23,31.0636,32.5766,2.32774,30.2489,40
enhanced,0,43.326,43.326,0,43.326,120
enhanced,1,43.326,43.3918,0.101206,43.2906,120
enhanced,2,43.827,43.9586,0.202412,43.7562,120
enhanced,3,44.2958,44.4931,0.303618,44.1895,120
enhanced,4,44.7346,44.9977,0.404824,44.5929,120
enhanced,5,45.1456,45.4745,0.50603,44.9685,120
enhanced,6,45.5307,45.9254,0.607236,45.3182,120
enhanced,7,45.8918,46.3523,0.708442,45.6438,120
enhanced,8,46.2306,46.7569,0.809648,45.9472,120
enhanced,9,46.5485,47.1405,0.910854,46.2297,120
enhanced,10,46.8469,47.5047,1.01206,46.4927,120
enhanced,11,47.1272,47.8508,1.11327,46.7375,120
enhanced,12,47.3905,48.1799,1.21447,46.9654,120
enhanced,13,47.638,48.4932,1.31568,47.1775,120
enhanced,14,47.8706,48.7916,1.41688,47.3747,120
enhanced,15,48.0894,49.0761,1.51809,47.5581,120
enhanced,16,48.2952,49.3477,1.6193,47.7284,120
enhanced,17,48.4888,49.6071,1.7205,47.8866,120
enhanced,18,48.671,49.8551,1.82171,48.0334,120
enhanced,19,48.8425,50.0924,1.92291,48.1695,120
enhanced,20,49.004,50.3197,2.02412,48.2955,120
enhanced,21,49.1561,50.5375,2.12533,48.4122,120
enhanced,22,49.2993,50.7465,2.22653,48.52,120
enhanced,23,49.4342,50.9472,2.32774,48.6195,120
