tier,bust_month,line_at_bust_usdc,extracted_usdc,interest_paid_usdc,profit_ic_usdc
basic,22,14.4685,15.6328,1.79121,-1.15844
basic,22,14.4685,15.6328,1.79121,-1.15844
basic,22,14.4685,15.6328,1.79121,-1.15844
basic,22,14.4685,15.6328,1.79121,-1.15844
basic,22,14.4685,15.6328,1.79121,-1.15844
basic,22,14.4685,15.6328,1.79121,-1.15844
basic,22,14.4685,15.6328,1.79121,-1.15844
basic,22,14.4685,15.6328,1.79121,-1.15844
standard,23,30.9653,32.4454,2.27713,-9.83172
standard,23,30.9653,32.4454,2.27713,-9.83172
standard,23,30.9653,32.4454,2.27713,-9.83172
standard,23,30.9653,32.4454,2.27713,-9.83172
standard,23,30.9653,32.4454,2.27713,-9.83172
standard,23,30.9653,32.4454,2.27713,-9.83172
standard,23,30.9653,32.4454,2.27713,-9.83172
standard,23,30.9653,32.4454,2.27713,-9.83172
enhanced,23,49.4342,50.9472,2.32774,-71.3805
enhanced,23,49.4342,50.9472,2.32774,-71.3805
enhanced,23,49.4342,50.9472,2.32774,-71.3805
enhanced,23,49.4342,50.9472,2.32774,-71.3805
enhanced,23,49.4342,50.9472,2.32774,-71.3805
enhanced,23,49.4342,50.9472,2.32774,-71.3805
enhanced,23,49.4342,50.9472,2.32774,-71.3805
enhanced,23,49.4342,50.9472,2.32774,-71.3805
