bin,cycles,defaults,mean_predicted_cycle_pd,mean_true_cycle_pd,realised_default_rate,ci95_low,ci95_high
0,5394,15,0.00254166,0.00254504,0.00278087,0.00155724,0.00458248
1,5393,14,0.00269657,0.00286954,0.00259596,0.00141994,0.00435174
2,5394,13,0.00368508,0.00327762,0.00241009,0.00128387,0.00411779
3,5393,16,0.00380802,0.00365493,0.00296681,0.00169671,0.00481345
4,5393,22,0.00395334,0.00385025,0.00407936,0.00255823,0.00616973
5,4456,27,0.00413651,0.00409794,0.00605925,0.00399677,0.00880373
6,6331,29,0.00486624,0.00447118,0.00458063,0.0030698,0.00657198
7,5394,21,0.00529033,0.00484118,0.00389321,0.00241153,0.00594507
8,5347,27,0.00553747,0.00522296,0.00504956,0.00333025,0.0073384
9,5440,33,0.00598589,0.00597691,0.00606618,0.00417925,0.00850871
all,53935,217,0.00426319,0.00408789,0.00402336,0.0035067,0.00459447
