account,address,kyc_verified,tier,completed_loans,grace_closes,repaid_principal_usdc,dues_usdc,evidence_good,evidence_bad,naive_25pct_line_usdc,policy_target_usdc,published_line_usdc,reason
unverified farm,0xf000000000000000000000000000000000000000,False,,96,96,9600,0,0,0,100,0,0,unverified
unverified farm,0xf000000000000000000000000000000000000001,False,,24,0,2400,15.2824,0,0,100,0,0,unverified
unverified farm,0xf000000000000000000000000000000000000002,False,,96,96,9600,0,0,0,100,0,0,unverified
unverified farm,0xf000000000000000000000000000000000000003,False,,24,0,2400,15.2824,0,0,100,0,0,unverified
unverified farm,0xf000000000000000000000000000000000000004,False,,96,96,9600,0,0,0,100,0,0,unverified
unverified farm,0xf000000000000000000000000000000000000005,False,,24,0,2400,15.2824,0,0,100,0,0,unverified
unverified farm,0xf000000000000000000000000000000000000006,False,,96,96,9600,0,0,0,100,0,0,unverified
unverified farm,0xf000000000000000000000000000000000000007,False,,24,0,2400,15.2824,0,0,100,0,0,unverified
verified farm,0xf00000000000000000000000000000000000ffff,True,basic,96,96,9600,0,0,0,100,6.1003,6.1003,line
control,0xc000000000000000000000000000000000000000,True,basic,0,0,0,0,0,0,0,6.1003,6.1003,line
