month,true_annual_pd,n,alive_share,mean_line_alive_usdc,mean_line_all_usdc,share_with_line,mean_posterior_annual_pd_alive
0,0.01,229,1,7.37555,7.37555,0.716157,0.0511167
0,0.02,284,1,7.15845,7.15845,0.665493,0.0519842
0,0.05,257,1,4.87938,4.87938,0.552529,0.0560501
0,0.1,137,1,4.0292,4.0292,0.481752,0.0579296
0,0.2,93,1,3.01075,3.01075,0.408602,0.0600339
1,0.01,229,1,14.4148,14.4148,0.716157,0.0509449
1,0.02,284,1,13.757,13.757,0.665493,0.0518375
1,0.05,257,1,10.1907,10.1907,0.552529,0.055931
1,0.1,137,1,8.60584,8.60584,0.481752,0.0578128
1,0.2,93,1,6.8172,6.8172,0.408602,0.0599631
2,0.01,229,1,20.5426,20.5426,0.995633,0.0509519
2,0.02,284,1,19.9613,19.9613,0.996479,0.0516598
2,0.05,257,1,15.6014,15.6014,0.996109,0.0558018
2,0.1,137,1,13.7153,13.7153,0.985401,0.0578214
2,0.2,93,1,11.0645,11.0645,0.956989,0.0601181
3,0.01,229,1,23.4876,23.4876,0.991266,0.0508251
3,0.02,284,1,22.7549,22.7549,0.996479,0.0515149
3,0.05,257,0.996109,17.9246,17.8549,0.976654,0.0564363
3,0.1,137,0.992701,16.2514,16.1327,0.970803,0.057923
3,0.2,93,0.967742,13.9925,13.5411,0.956989,0.0601009
4,0.01,229,1,23.9164,23.9164,0.991266,0.0503798
4,0.02,284,1,23.1893,23.1893,0.996479,0.051075
4,0.05,257,0.992218,18.2927,18.1503,0.968872,0.0562702
4,0.1,137,0.985401,16.4904,16.2497,0.948905,0.0579485
4,0.2,93,0.967742,13.8419,13.3953,0.903226,0.0601705
5,0.01,229,1,23.9139,23.9139,0.978166,0.050784
5,0.02,284,1,23.4325,23.4325,0.989437,0.0506429
5,0.05,257,0.988327,18.7042,18.4859,0.961089,0.0558973
5,0.1,137,0.978102,16.8386,16.4699,0.948905,0.0578112
5,0.2,93,0.935484,13.9913,13.0887,0.870968,0.0614816
6,0.01,229,0.995633,24.319,24.2128,0.973799,0.0505009
6,0.02,284,0.989437,23.9545,23.7014,0.982394,0.0505587
6,0.05,257,0.984436,19.1925,18.8938,0.961089,0.0553452
6,0.1,137,0.978102,17.1497,16.7741,0.941606,0.0573568
6,0.2,93,0.924731,14.0154,12.9605,0.827957,0.0620151
7,0.01,229,0.995633,24.7137,24.6058,0.973799,0.0500468
7,0.02,284,0.989437,24.347,24.0898,0.982394,0.0501419
7,0.05,257,0.984436,19.3706,19.0691,0.949416,0.055499
7,0.1,137,0.970803,16.9805,16.4848,0.912409,0.0571814
7,0.2,93,0.903226,13.2743,11.9897,0.752688,0.0631899
8,0.01,229,0.995633,25.1124,25.0027,0.973799,0.0495986
8,0.02,284,0.989437,24.5934,24.3336,0.978873,0.0497985
8,0.05,257,0.984436,19.6869,19.3805,0.945525,0.0552376
8,0.1,137,0.948905,17.2412,16.3602,0.912409,0.0571757
8,0.2,93,0.860215,13.9787,12.0247,0.72043,0.0639206
9,0.01,229,0.995633,25.3467,25.236,0.969432,0.0494519
9,0.02,284,0.985915,24.8168,24.4672,0.975352,0.049754
9,0.05,257,0.984436,19.6422,19.3365,0.92607,0.0549048
9,0.1,137,0.941606,17.5083,16.4859,0.883212,0.0579266
9,0.2,93,0.849462,14.298,12.1456,0.698925,0.0637602
10,0.01,229,0.995633,25.5623,25.4506,0.965066,0.0493104
10,0.02,284,0.985915,25.1443,24.7902,0.975352,0.0493894
10,0.05,257,0.968872,19.696,19.0829,0.910506,0.055453
10,0.1,137,0.934307,17.7954,16.6263,0.875912,0.0577796
10,0.2,93,0.83871,14.3001,11.9937,0.677419,0.0631035
11,0.01,229,0.995633,25.9023,25.7892,0.965066,0.0489052
11,0.02,284,0.985915,25.3359,24.9791,0.96831,0.0489881
11,0.05,257,0.964981,19.8594,19.164,0.906615,0.0553671
11,0.1,137,0.934307,17.8241,16.6532,0.875912,0.057548
11,0.2,93,0.817204,12.3924,10.1271,0.602151,0.0659728
12,0.01,229,0.995633,26.1178,26.0037,0.960699,0.0488274
12,0.02,284,0.978873,25.5776,25.0372,0.957746,0.0489039
12,0.05,257,0.964981,20.0473,19.3452,0.894942,0.055346
12,0.1,137,0.934307,17.9178,16.7407,0.854015,0.0578764
12,0.2,93,0.784946,11.7311,9.20832,0.548387,0.069618
13,0.01,229,0.995633,26.4505,26.335,0.960699,0.0484234
13,0.02,284,0.971831,26.0628,25.3286,0.957746,0.0485186
13,0.05,257,0.961089,20.462,19.6658,0.894942,0.0548253
13,0.1,137,0.927007,17.99,16.6769,0.846715,0.0577516
13,0.2,93,0.774194,11.3662,8.79962,0.505376,0.0711394
14,0.01,229,0.995633,26.6966,26.58,0.956332,0.048318
14,0.02,284,0.971831,26.2783,25.538,0.954225,0.0483698
14,0.05,257,0.961089,20.6151,19.813,0.88716,0.0548189
14,0.1,137,0.927007,18.2287,16.8981,0.839416,0.0572336
14,0.2,93,0.763441,11.0868,8.46415,0.483871,0.0712551
15,0.01,229,0.995633,26.9542,26.8365,0.956332,0.0479943
15,0.02,284,0.971831,26.495,25.7487,0.950704,0.0482223
15,0.05,257,0.961089,20.7259,19.9194,0.883268,0.0546577
15,0.1,137,0.919708,17.8277,16.3963,0.832117,0.0577005
15,0.2,93,0.752688,11.0522,8.31884,0.451613,0.072839
16,0.01,229,0.995633,26.977,26.8592,0.951965,0.0476981
16,0.02,284,0.971831,26.6417,25.8912,0.947183,0.0481269
16,0.05,257,0.961089,20.7113,19.9054,0.875486,0.0544507
16,0.1,137,0.919708,17.7649,16.3385,0.80292,0.0581335
16,0.2,93,0.752688,11.2742,8.48595,0.451613,0.071815
17,0.01,229,0.991266,27.3202,27.0816,0.951965,0.047485
17,0.02,284,0.971831,26.7648,26.0108,0.947183,0.0479346
17,0.05,257,0.957198,20.7683,19.8794,0.863813,0.054577
17,0.1,137,0.905109,17.7817,16.0944,0.788321,0.0577586
17,0.2,93,0.752688,10.9294,8.22642,0.430108,0.071693
18,0.01,229,0.991266,27.5383,27.2978,0.956332,0.0472087
18,0.02,284,0.971831,26.9347,26.176,0.940141,0.0478633
18,0.05,257,0.953307,20.7759,19.8058,0.875486,0.0542676
18,0.1,137,0.890511,17.9846,16.0155,0.773723,0.0586062
18,0.2,93,0.741935,10.4574,7.75871,0.408602,0.0716493
19,0.01,229,0.991266,27.7922,27.5495,0.965066,0.0469171
19,0.02,284,0.96831,26.9842,26.1291,0.93662,0.0478764
19,0.05,257,0.945525,21.2096,20.0542,0.875486,0.0539906
19,0.1,137,0.890511,17.8176,15.8668,0.773723,0.058872
19,0.2,93,0.731183,10.3695,7.58203,0.408602,0.0715885
20,0.01,229,0.991266,27.7257,27.4836,0.965066,0.0467454
20,0.02,284,0.96831,26.998,26.1425,0.93662,0.0479581
20,0.05,257,0.945525,21.4255,20.2584,0.875486,0.0536315
20,0.1,137,0.890511,17.759,15.8146,0.759124,0.0583416
20,0.2,93,0.72043,10.6948,7.70486,0.430108,0.0707959
21,0.01,229,0.9869,28.0927,27.7246,0.965066,0.0465463
21,0.02,284,0.96831,27.0811,26.2229,0.933099,0.0478547
21,0.05,257,0.945525,21.4498,20.2813,0.867704,0.0533565
21,0.1,137,0.875912,18.0025,15.7686,0.751825,0.0586975
21,0.2,93,0.72043,10.4112,7.50054,0.419355,0.071622
22,0.01,229,0.9869,28.3221,27.9511,0.969432,0.0462893
22,0.02,284,0.96831,27.0827,26.2245,0.929577,0.0478424
22,0.05,257,0.937743,21.8335,20.4743,0.867704,0.0530353
22,0.1,137,0.875912,18.3267,16.0526,0.751825,0.0581045
22,0.2,93,0.72043,10.4244,7.51004,0.419355,0.0709091
23,0.01,229,0.9869,28.5189,28.1453,0.973799,0.0460779
23,0.02,284,0.964789,27.2739,26.3135,0.926056,0.047726
23,0.05,257,0.937743,21.7854,20.4291,0.871595,0.0531229
23,0.1,137,0.875912,17.4737,15.3054,0.759124,0.0588035
23,0.2,93,0.72043,9.91493,7.14301,0.408602,0.0724368
