tier,true_annual_pd,n,line_m0,line_m6,line_m12,line_m23,alive_end
basic,0.01,65,0,7.42055,9.52778,12.5578,0.984615
basic,0.02,95,0,7.39637,9.6612,12.7421,0.957895
basic,0.05,115,0,7.44224,9.10194,11.6076,0.956522
basic,0.1,71,0,7.22126,8.93729,10.4372,0.873239
basic,0.2,55,0,6.53797,6.627,5.2605,0.709091
standard,0.01,105,5,23.5903,25.2575,27.8608,1
standard,0.02,115,5,24.1599,25.577,26.3984,0.947826
standard,0.05,105,5,23.3909,24.6083,25.81,0.942857
standard,0.1,51,5,22.5968,23.5011,23.5287,0.843137
standard,0.2,32,5,21.2522,17.1728,12.7512,0.71875
enhanced,0.01,59,19.7288,43.9465,45.6447,47.6526,0.966102
enhanced,0.02,74,19.7027,44.674,45.7965,46.4337,1
enhanced,0.05,37,19.7027,44.534,42.4194,44.3208,0.864865
enhanced,0.1,15,19.8,45.6884,41.8798,29.1999,1
enhanced,0.2,6,20,45.0477,30.5277,33.1727,0.833333
