month,epoch,reports,users_in_reports,increase,budget_used,max_increase,released_by_keeper,total_held,total_score,max_total,exposure_usdc,exposure_bound_usdc,loss_honest_usdc,loss_attacker_usdc,premium_income_usdc,expected_profit_usdc
0,2,2,615,60,60,60,0,60,60,250,4508.61,6000,0,0,0,14.6524
1,4,2,615,60,60,60,0,120,120,250,8388.79,12028.4,0,0,28.3384,22.0801
2,7,3,1026,60,60,60,0,180,178.108,250,11604.3,18081,0,0,52.5564,25.0907
3,10,3,1017,29.1271,29.1143,60,1.70734,207.235,204.988,250,13386.4,20878.6,39,0,73.8657,25.6429
4,12,2,990,4.37997,4.37997,60,2.24725,209.368,208.105,250,13358,21175.8,45.121,0,83.8209,26.2192
5,14,2,999,4.41527,4.39521,60,1.22594,212.521,209.792,250,13418.4,21576.3,36.1252,0,85.0062,26.6005
6,16,2,987,4.24228,4.19411,60,2.27223,214.038,212.704,250,13149.9,21812.2,71.4895,0,84.1295,27.1232
7,18,2,979,4.1274,4.09981,60,1.27657,216.841,213.972,250,14201.5,22175.8,19.915,0,83.1178,27.4485
8,20,2,966,3.95105,3.90541,60,2.77542,217.927,216.345,250,13750.6,22372.8,135.296,0,88.2909,27.864
9,22,2,960,4.09818,4.05296,60,1.49986,220.452,217.537,250,13900.8,22711.4,57.544,0,85.8291,28.142
10,24,2,947,3.77462,3.73602,60,2.8195,221.32,218.447,250,14771.9,22884.6,121.343,0,86.3622,28.3204
11,26,2,939,3.8807,3.8289,60,2.77494,222.34,218.368,250,14198,23079.6,62.1335,0,92.7105,28.3469
12,28,2,929,3.37271,3.30731,60,3.8475,221.747,218.853,250,14497.7,23110,139.33,0,89.6004,28.5621
13,30,2,914,3.67283,3.60658,60,2.76866,222.528,220.887,250,13803.1,23280.3,63.0775,0,92.0347,28.93
14,32,2,909,3.525,3.46263,60,0.845103,224.421,222.499,250,14848.8,23557.3,10.8292,0,87.556,29.2563
15,34,2,902,3.2824,3.20716,60,1.7792,225.789,223.216,250,13744.1,23788.7,20.5762,0,94.4078,29.413
16,36,2,895,3.18014,3.10386,60,2.16321,226.409,223.789,250,14236.5,23937.4,0,0,86.5261,29.5692
17,38,2,888,3.01542,2.95111,60,2.18299,226.819,224.066,250,14326.8,24067.6,122.845,0,89.0174,29.6575
18,40,2,888,3.05463,2.95309,60,2.03175,227.132,224.365,250,15340.3,24188.9,83.1217,0,89.958,29.7918
19,42,2,883,2.96751,2.89657,60,2.59502,227.332,225.141,250,14646.8,24306.2,115.936,0,96.9642,29.9571
20,44,2,884,2.78473,2.7199,60,2.05552,227.932,225.655,250,15145.1,24459,12.0421,0,92.7658,30.0511
21,46,2,884,2.9835,2.87688,60,1.68364,228.642,226.296,250,14601.8,24626.4,93.2479,0,96.1389,30.2442
22,48,2,877,2.81723,2.73656,60,1.87678,229.119,227.765,250,15890.2,24766,45.2059,0,91.7307,30.5004
23,50,2,880,2.7445,2.68576,60,0.922084,230.515,227.031,250,15541,25006,13.2997,0,100.263,30.3965
24,,,,,,,,,,,,,129.358,792.203,94.7647,
