family,x,one-hop,2-hop,3-hop,unbounded,centralised,one-hop-static
ws,0,1,1,1,1,1,1
ws,5,0.801667,0.998333,1,1,1,0.801667
ws,10,0.801667,0.998333,1,1,1,0.801667
ws,15,0.801667,0.998333,1,1,1,0.588333
ws,20,0.801667,0.998333,1,1,1,0.533333
ws,25,0.801667,0.998333,1,1,1,0.5
ws,30,0.503333,0.978333,1,1,1,0.346667
ws,35,0.503333,0.978333,1,1,1,0.251667
ws,40,0.503333,0.978333,1,1,1,0.213333
ws,45,0.503333,0.978333,1,1,1,0.168333
ws,50,0.503333,0.978333,1,1,1,0.115
ws,55,0.205,0.938333,1,1,1,0.085
ws,60,0.205,0.938333,1,1,1,0.0616667
ws,65,0.205,0.938333,1,1,1,0.055
ws,70,0.205,0.938333,1,1,1,0.0416667
ws,75,0.205,0.938333,1,1,1,0.035
ws,80,0.0583333,0.893333,1,1,1,0.0283333
ws,85,0.0583333,0.893333,1,1,1,0.025
ws,90,0.0583333,0.893333,1,1,1,0.0133333
ws,95,0.0583333,0.893333,1,1,1,0.01
ws,100,0.0583333,0.893333,1,1,1,0.00666667
ws,105,0.0183333,0.835,0.998333,1,1,0.00666667
ws,110,0.0183333,0.835,0.998333,1,1,0.005
ws,115,0.0183333,0.835,0.998333,1,1,0.00333333
ws,120,0.0183333,0.835,0.998333,1,1,0.00166667
ws,125,0.0183333,0.835,0.998333,1,1,0
ws,130,0,0.745,0.986667,0.996667,1,0
ws,135,0,0.745,0.986667,0.996667,1,0
ws,140,0,0.745,0.986667,0.996667,1,0
ws,145,0,0.745,0.986667,0.996667,1,0
ws,150,0,0.745,0.986667,0.996667,1,0
ws,155,0,0.591667,0.933333,0.96,1,0
ws,160,0,0.591667,0.933333,0.96,1,0
ws,165,0,0.591667,0.933333,0.96,1,0
ws,170,0,0.591667,0.933333,0.96,1,0
ws,175,0,0.591667,0.933333,0.96,1,0
ws,180,0,0.383333,0.72,0.766667,1,0
ws,185,0,0.383333,0.72,0.766667,1,0
ws,190,0,0.383333,0.72,0.766667,1,0
ws,195,0,0.383333,0.72,0.766667,1,0
ws,200,0,0.383333,0.72,0.766667,1,0
ws,205,0,0.118333,0.24,0.256667,1,0
ws,210,0,0.118333,0.24,0.256667,1,0
ws,215,0,0.118333,0.24,0.256667,1,0
ws,220,0,0.118333,0.24,0.256667,1,0
ws,225,0,0.118333,0.24,0.256667,1,0
ws,230,0,0.015,0.0466667,0.0516667,1,0
ws,235,0,0.015,0.0466667,0.0516667,1,0
ws,240,0,0.015,0.0466667,0.0516667,1,0
ws,245,0,0.015,0.0466667,0.0516667,1,0
ws,250,0,0.015,0.0466667,0.0516667,1,0
ws,255,0,0.00333333,0.00833333,0.00833333,1,0
ws,260,0,0.00333333,0.00833333,0.00833333,1,0
ws,265,0,0.00333333,0.00833333,0.00833333,1,0
ws,270,0,0.00333333,0.00833333,0.00833333,1,0
ws,275,0,0.00333333,0.00833333,0.00833333,1,0
ws,280,0,0.00166667,0.00166667,0.00166667,1,0
ws,285,0,0.00166667,0.00166667,0.00166667,1,0
ws,290,0,0.00166667,0.00166667,0.00166667,1,0
ws,295,0,0.00166667,0.00166667,0.00166667,1,0
ws,300,0,0.00166667,0.00166667,0.00166667,1,0
ws,305,0,0,0,0,1,0
ws,310,0,0,0,0,1,0
ws,315,0,0,0,0,1,0
ws,320,0,0,0,0,1,0
ws,325,0,0,0,0,1,0
ws,330,0,0,0,0,1,0
ws,335,0,0,0,0,1,0
ws,340,0,0,0,0,1,0
ws,345,0,0,0,0,1,0
ws,350,0,0,0,0,1,0
ws,355,0,0,0,0,1,0
ws,360,0,0,0,0,1,0
ws,365,0,0,0,0,1,0
ws,370,0,0,0,0,1,0
ws,375,0,0,0,0,1,0
ws,380,0,0,0,0,1,0
ws,385,0,0,0,0,1,0
ws,390,0,0,0,0,1,0
ws,395,0,0,0,0,1,0
ws,400,0,0,0,0,1,0
ba,0,1,1,1,1,1,1
ba,5,0.763333,1,1,1,1,0.676667
ba,10,0.763333,1,1,1,1,0.601667
ba,15,0.763333,1,1,1,1,0.515
ba,20,0.763333,1,1,1,1,0.458333
ba,25,0.763333,1,1,1,1,0.408333
ba,30,0.398333,1,1,1,1,0.261667
ba,35,0.398333,1,1,1,1,0.216667
ba,40,0.398333,1,1,1,1,0.191667
ba,45,0.398333,1,1,1,1,0.165
ba,50,0.398333,1,1,1,1,0.14
ba,55,0.195,0.971667,1,1,1,0.105
ba,60,0.195,0.971667,1,1,1,0.0833333
ba,65,0.195,0.971667,1,1,1,0.075
ba,70,0.195,0.971667,1,1,1,0.07
ba,75,0.195,0.971667,1,1,1,0.0566667
ba,80,0.0933333,0.848333,1,1,1,0.05
ba,85,0.0933333,0.848333,1,1,1,0.0466667
ba,90,0.0933333,0.848333,1,1,1,0.0416667
ba,95,0.0933333,0.848333,1,1,1,0.0366667
ba,100,0.0933333,0.848333,1,1,1,0.0366667
ba,105,0.055,0.526667,0.665,0.665,1,0.0316667
ba,110,0.055,0.526667,0.665,0.665,1,0.0233333
ba,115,0.055,0.526667,0.665,0.665,1,0.0216667
ba,120,0.055,0.526667,0.665,0.665,1,0.0216667
ba,125,0.055,0.526667,0.665,0.665,1,0.0183333
ba,130,0.035,0.375,0.513333,0.513333,1,0.0166667
ba,135,0.035,0.375,0.513333,0.513333,1,0.015
ba,140,0.035,0.375,0.513333,0.513333,1,0.0133333
ba,145,0.035,0.375,0.513333,0.513333,1,0.0133333
ba,150,0.035,0.375,0.513333,0.513333,1,0.0116667
ba,155,0.025,0.258333,0.36,0.36,1,0.01
ba,160,0.025,0.258333,0.36,0.36,1,0.00833333
ba,165,0.025,0.258333,0.36,0.36,1,0.005
ba,170,0.025,0.258333,0.36,0.36,1,0.005
ba,175,0.025,0.258333,0.36,0.36,1,0.005
ba,180,0.02,0.2,0.273333,0.273333,1,0.005
ba,185,0.02,0.2,0.273333,0.273333,1,0.005
ba,190,0.02,0.2,0.273333,0.273333,1,0.005
ba,195,0.02,0.2,0.273333,0.273333,1,0.005
ba,200,0.02,0.2,0.273333,0.273333,1,0.005
ba,205,0.01,0.158333,0.206667,0.206667,1,0.005
ba,210,0.01,0.158333,0.206667,0.206667,1,0.005
ba,215,0.01,0.158333,0.206667,0.206667,1,0.00166667
ba,220,0.01,0.158333,0.206667,0.206667,1,0.00166667
ba,225,0.01,0.158333,0.206667,0.206667,1,0
ba,230,0.01,0.143333,0.175,0.175,1,0
ba,235,0.01,0.143333,0.175,0.175,1,0
ba,240,0.01,0.143333,0.175,0.175,1,0
ba,245,0.01,0.143333,0.175,0.175,1,0
ba,250,0.01,0.143333,0.175,0.175,1,0
ba,255,0.00666667,0.116667,0.158333,0.158333,1,0
ba,260,0.00666667,0.116667,0.158333,0.158333,1,0
ba,265,0.00666667,0.116667,0.158333,0.158333,1,0
ba,270,0.00666667,0.116667,0.158333,0.158333,1,0
ba,275,0.00666667,0.116667,0.158333,0.158333,1,0
ba,280,0.00666667,0.0966667,0.136667,0.136667,1,0
ba,285,0.00666667,0.0966667,0.136667,0.136667,1,0
ba,290,0.00666667,0.0966667,0.136667,0.136667,1,0
ba,295,0.00666667,0.0966667,0.136667,0.136667,1,0
ba,300,0.00666667,0.0966667,0.136667,0.136667,1,0
ba,305,0.00333333,0.08,0.12,0.12,1,0
ba,310,0.00333333,0.08,0.12,0.12,1,0
ba,315,0.00333333,0.08,0.12,0.12,1,0
ba,320,0.00333333,0.08,0.12,0.12,1,0
ba,325,0.00333333,0.08,0.12,0.12,1,0
ba,330,0.00333333,0.07,0.101667,0.101667,1,0
ba,335,0.00333333,0.07,0.101667,0.101667,1,0
ba,340,0.00333333,0.07,0.101667,0.101667,1,0
ba,345,0.00333333,0.07,0.101667,0.101667,1,0
ba,350,0.00333333,0.07,0.101667,0.101667,1,0
ba,355,0.00166667,0.0566667,0.0816667,0.0816667,1,0
ba,360,0.00166667,0.0566667,0.0816667,0.0816667,1,0
ba,365,0.00166667,0.0566667,0.0816667,0.0816667,1,0
ba,370,0.00166667,0.0566667,0.0816667,0.0816667,1,0
ba,375,0.00166667,0.0566667,0.0816667,0.0816667,1,0
ba,380,0.00166667,0.055,0.0766667,0.0766667,1,0
ba,385,0.00166667,0.055,0.0766667,0.0766667,1,0
ba,390,0.00166667,0.055,0.0766667,0.0766667,1,0
ba,395,0.00166667,0.055,0.0766667,0.0766667,1,0
ba,400,0.00166667,0.055,0.0766667,0.0766667,1,0
sbm,0,1,1,1,1,1,1
sbm,5,0.79,0.996667,0.998333,0.998333,1,0.79
sbm,10,0.79,0.996667,0.998333,0.998333,1,0.751667
sbm,15,0.79,0.996667,0.998333,0.998333,1,0.591667
sbm,20,0.79,0.996667,0.998333,0.998333,1,0.535
sbm,25,0.79,0.996667,0.998333,0.998333,1,0.436667
sbm,30,0.491667,0.985,0.99,0.99,1,0.335
sbm,35,0.491667,0.985,0.99,0.99,1,0.265
sbm,40,0.491667,0.985,0.99,0.99,1,0.201667
sbm,45,0.491667,0.985,0.99,0.99,1,0.148333
sbm,50,0.491667,0.985,0.99,0.99,1,0.11
sbm,55,0.238333,0.951667,0.98,0.98,1,0.0716667
sbm,60,0.238333,0.951667,0.98,0.98,1,0.065
sbm,65,0.238333,0.951667,0.98,0.98,1,0.0433333
sbm,70,0.238333,0.951667,0.98,0.98,1,0.03
sbm,75,0.238333,0.951667,0.98,0.98,1,0.015
sbm,80,0.085,0.883333,0.946667,0.946667,1,0.00333333
sbm,85,0.085,0.883333,0.946667,0.946667,1,0.00333333
sbm,90,0.085,0.883333,0.946667,0.946667,1,0.00333333
sbm,95,0.085,0.883333,0.946667,0.946667,1,0.00333333
sbm,100,0.085,0.883333,0.946667,0.946667,1,0.00333333
sbm,105,0.0216667,0.771667,0.873333,0.873333,1,0.00166667
sbm,110,0.0216667,0.771667,0.873333,0.873333,1,0.00166667
sbm,115,0.0216667,0.771667,0.873333,0.873333,1,0.00166667
sbm,120,0.0216667,0.771667,0.873333,0.873333,1,0.00166667
sbm,125,0.0216667,0.771667,0.873333,0.873333,1,0.00166667
sbm,130,0.00666667,0.638333,0.763333,0.763333,1,0.00166667
sbm,135,0.00666667,0.638333,0.763333,0.763333,1,0.00166667
sbm,140,0.00666667,0.638333,0.763333,0.763333,1,0
sbm,145,0.00666667,0.638333,0.763333,0.763333,1,0
sbm,150,0.00666667,0.638333,0.763333,0.763333,1,0
sbm,155,0.00166667,0.511667,0.663333,0.665,1,0
sbm,160,0.00166667,0.511667,0.663333,0.665,1,0
sbm,165,0.00166667,0.511667,0.663333,0.665,1,0
sbm,170,0.00166667,0.511667,0.663333,0.665,1,0
sbm,175,0.00166667,0.511667,0.663333,0.665,1,0
sbm,180,0.00166667,0.36,0.533333,0.535,1,0
sbm,185,0.00166667,0.36,0.533333,0.535,1,0
sbm,190,0.00166667,0.36,0.533333,0.535,1,0
sbm,195,0.00166667,0.36,0.533333,0.535,1,0
sbm,200,0.00166667,0.36,0.533333,0.535,1,0
sbm,205,0.00166667,0.236667,0.388333,0.388333,1,0
sbm,210,0.00166667,0.236667,0.388333,0.388333,1,0
sbm,215,0.00166667,0.236667,0.388333,0.388333,1,0
sbm,220,0.00166667,0.236667,0.388333,0.388333,1,0
sbm,225,0.00166667,0.236667,0.388333,0.388333,1,0
sbm,230,0.00166667,0.156667,0.266667,0.266667,1,0
sbm,235,0.00166667,0.156667,0.266667,0.266667,1,0
sbm,240,0.00166667,0.156667,0.266667,0.266667,1,0
sbm,245,0.00166667,0.156667,0.266667,0.266667,1,0
sbm,250,0.00166667,0.156667,0.266667,0.266667,1,0
sbm,255,0,0.095,0.166667,0.168333,1,0
sbm,260,0,0.095,0.166667,0.168333,1,0
sbm,265,0,0.095,0.166667,0.168333,1,0
sbm,270,0,0.095,0.166667,0.168333,1,0
sbm,275,0,0.095,0.166667,0.168333,1,0
sbm,280,0,0.04,0.106667,0.106667,1,0
sbm,285,0,0.04,0.106667,0.106667,1,0
sbm,290,0,0.04,0.106667,0.106667,1,0
sbm,295,0,0.04,0.106667,0.106667,1,0
sbm,300,0,0.04,0.106667,0.106667,1,0
sbm,305,0,0.0233333,0.0616667,0.0616667,1,0
sbm,310,0,0.0233333,0.0616667,0.0616667,1,0
sbm,315,0,0.0233333,0.0616667,0.0616667,1,0
sbm,320,0,0.0233333,0.0616667,0.0616667,1,0
sbm,325,0,0.0233333,0.0616667,0.0616667,1,0
sbm,330,0,0.00666667,0.0366667,0.0366667,1,0
sbm,335,0,0.00666667,0.0366667,0.0366667,1,0
sbm,340,0,0.00666667,0.0366667,0.0366667,1,0
sbm,345,0,0.00666667,0.0366667,0.0366667,1,0
sbm,350,0,0.00666667,0.0366667,0.0366667,1,0
sbm,355,0,0.00166667,0.015,0.0166667,1,0
sbm,360,0,0.00166667,0.015,0.0166667,1,0
sbm,365,0,0.00166667,0.015,0.0166667,1,0
sbm,370,0,0.00166667,0.015,0.0166667,1,0
sbm,375,0,0.00166667,0.015,0.0166667,1,0
sbm,380,0,0,0.00666667,0.00666667,1,0
sbm,385,0,0,0.00666667,0.00666667,1,0
sbm,390,0,0,0.00666667,0.00666667,1,0
sbm,395,0,0,0.00666667,0.00666667,1,0
sbm,400,0,0,0.00666667,0.00666667,1,0
sbm-concentrated,0,1,1,1,1,1,1
sbm-concentrated,5,0.46,0.861667,0.998333,1,1,0.46
sbm-concentrated,10,0.46,0.861667,0.998333,1,1,0.455
sbm-concentrated,15,0.46,0.861667,0.998333,1,1,0.4
sbm-concentrated,20,0.46,0.861667,0.998333,1,1,0.38
sbm-concentrated,25,0.46,0.861667,0.998333,1,1,0.356667
sbm-concentrated,30,0.335,0.676667,0.988333,0.998333,1,0.308333
sbm-concentrated,35,0.335,0.676667,0.988333,0.998333,1,0.291667
sbm-concentrated,40,0.335,0.676667,0.988333,0.998333,1,0.266667
sbm-concentrated,45,0.335,0.676667,0.988333,0.998333,1,0.248333
sbm-concentrated,50,0.335,0.676667,0.988333,0.998333,1,0.216667
sbm-concentrated,55,0.256667,0.506667,0.965,0.985,1,0.191667
sbm-concentrated,60,0.256667,0.506667,0.965,0.985,1,0.158333
sbm-concentrated,65,0.256667,0.506667,0.965,0.985,1,0.143333
sbm-concentrated,70,0.256667,0.506667,0.965,0.985,1,0.125
sbm-concentrated,75,0.256667,0.506667,0.965,0.985,1,0.101667
sbm-concentrated,80,0.153333,0.428333,0.9,0.948333,1,0.0866667
sbm-concentrated,85,0.153333,0.428333,0.9,0.948333,1,0.0733333
sbm-concentrated,90,0.153333,0.428333,0.9,0.948333,1,0.0583333
sbm-concentrated,95,0.153333,0.428333,0.9,0.948333,1,0.0516667
sbm-concentrated,100,0.153333,0.428333,0.9,0.948333,1,0.0433333
sbm-concentrated,105,0.0766667,0.358333,0.798333,0.896667,1,0.04
sbm-concentrated,110,0.0766667,0.358333,0.798333,0.896667,1,0.0283333
sbm-concentrated,115,0.0766667,0.358333,0.798333,0.896667,1,0.02
sbm-concentrated,120,0.0766667,0.358333,0.798333,0.896667,1,0.0166667
sbm-concentrated,125,0.0766667,0.358333,0.798333,0.896667,1,0.01
sbm-concentrated,130,0.0416667,0.301667,0.663333,0.823333,1,0.00833333
sbm-concentrated,135,0.0416667,0.301667,0.663333,0.823333,1,0.00666667
sbm-concentrated,140,0.0416667,0.301667,0.663333,0.823333,1,0.00666667
sbm-concentrated,145,0.0416667,0.301667,0.663333,0.823333,1,0.00666667
sbm-concentrated,150,0.0416667,0.301667,0.663333,0.823333,1,0.00666667
sbm-concentrated,155,0.0166667,0.258333,0.511667,0.685,1,0.00666667
sbm-concentrated,160,0.0166667,0.258333,0.511667,0.685,1,0.00333333
sbm-concentrated,165,0.0166667,0.258333,0.511667,0.685,1,0.00333333
sbm-concentrated,170,0.0166667,0.258333,0.511667,0.685,1,0.00333333
sbm-concentrated,175,0.0166667,0.258333,0.511667,0.685,1,0.00333333
sbm-concentrated,180,0.00666667,0.205,0.378333,0.53,1,0.00166667
sbm-concentrated,185,0.00666667,0.205,0.378333,0.53,1,0.00166667
sbm-concentrated,190,0.00666667,0.205,0.378333,0.53,1,0
sbm-concentrated,195,0.00666667,0.205,0.378333,0.53,1,0
sbm-concentrated,200,0.00666667,0.205,0.378333,0.53,1,0
sbm-concentrated,205,0.00333333,0.141667,0.255,0.398333,1,0
sbm-concentrated,210,0.00333333,0.141667,0.255,0.398333,1,0
sbm-concentrated,215,0.00333333,0.141667,0.255,0.398333,1,0
sbm-concentrated,220,0.00333333,0.141667,0.255,0.398333,1,0
sbm-concentrated,225,0.00333333,0.141667,0.255,0.398333,1,0
sbm-concentrated,230,0,0.0816667,0.168333,0.266667,1,0
sbm-concentrated,235,0,0.0816667,0.168333,0.266667,1,0
sbm-concentrated,240,0,0.0816667,0.168333,0.266667,1,0
sbm-concentrated,245,0,0.0816667,0.168333,0.266667,1,0
sbm-concentrated,250,0,0.0816667,0.168333,0.266667,1,0
sbm-concentrated,255,0,0.0533333,0.108333,0.171667,1,0
sbm-concentrated,260,0,0.0533333,0.108333,0.171667,1,0
sbm-concentrated,265,0,0.0533333,0.108333,0.171667,1,0
sbm-concentrated,270,0,0.0533333,0.108333,0.171667,1,0
sbm-concentrated,275,0,0.0533333,0.108333,0.171667,1,0
sbm-concentrated,280,0,0.0333333,0.0566667,0.103333,1,0
sbm-concentrated,285,0,0.0333333,0.0566667,0.103333,1,0
sbm-concentrated,290,0,0.0333333,0.0566667,0.103333,1,0
sbm-concentrated,295,0,0.0333333,0.0566667,0.103333,1,0
sbm-concentrated,300,0,0.0333333,0.0566667,0.103333,1,0
sbm-concentrated,305,0,0.0166667,0.0283333,0.0583333,1,0
sbm-concentrated,310,0,0.0166667,0.0283333,0.0583333,1,0
sbm-concentrated,315,0,0.0166667,0.0283333,0.0583333,1,0
sbm-concentrated,320,0,0.0166667,0.0283333,0.0583333,1,0
sbm-concentrated,325,0,0.0166667,0.0283333,0.0583333,1,0
sbm-concentrated,330,0,0.00666667,0.0133333,0.03,1,0
sbm-concentrated,335,0,0.00666667,0.0133333,0.03,1,0
sbm-concentrated,340,0,0.00666667,0.0133333,0.03,1,0
sbm-concentrated,345,0,0.00666667,0.0133333,0.03,1,0
sbm-concentrated,350,0,0.00666667,0.0133333,0.03,1,0
sbm-concentrated,355,0,0.00333333,0.00666667,0.0183333,1,0
sbm-concentrated,360,0,0.00333333,0.00666667,0.0183333,1,0
sbm-concentrated,365,0,0.00333333,0.00666667,0.0183333,1,0
sbm-concentrated,370,0,0.00333333,0.00666667,0.0183333,1,0
sbm-concentrated,375,0,0.00333333,0.00666667,0.0183333,1,0
sbm-concentrated,380,0,0.00166667,0.005,0.00833333,1,0
sbm-concentrated,385,0,0.00166667,0.005,0.00833333,1,0
sbm-concentrated,390,0,0.00166667,0.005,0.00833333,1,0
sbm-concentrated,395,0,0.00166667,0.005,0.00833333,1,0
sbm-concentrated,400,0,0.00166667,0.005,0.00833333,1,0
