family,n,degree,rewiring,q,c,x,regime,samples,p_borrow_x,se,p_borrow_100,mean_max,median_max
ws,1000,4,0.1,0.2,25,50,one-hop,600,0.173333,0.0154536,0,19.2917,25
ws,1000,4,0.1,0.2,25,50,2-hop,600,0.745,0.017794,0.265,60.0417,50
ws,1000,4,0.1,0.2,25,50,3-hop,600,0.931667,0.0103008,0.538333,83.375,100
ws,1000,4,0.1,0.2,25,50,unbounded,600,1,0,0.848333,99.5833,100
ws,1000,4,0.1,0.2,25,50,centralised,600,1,0,1,20000,20000
ws,1000,4,0.1,0.2,25,50,one-hop-static,600,0.158333,0.0149032,0,18.975,25
ws,1000,6,0.1,0.2,25,50,one-hop,600,0.385,0.0198652,0.03,32.7083,25
ws,1000,6,0.1,0.2,25,50,2-hop,600,0.943333,0.00943889,0.766667,115.292,125
ws,1000,6,0.1,0.2,25,50,3-hop,600,0.996667,0.00235309,0.975,145.25,150
ws,1000,6,0.1,0.2,25,50,unbounded,600,1,0,0.998333,150.208,150
ws,1000,6,0.1,0.2,25,50,centralised,600,1,0,1,20000,20000
ws,1000,6,0.1,0.2,25,50,one-hop-static,600,0.153333,0.0147095,0.005,26.1895,20
ws,1000,8,0.1,0.2,25,50,one-hop,600,0.503333,0.020412,0.0583333,39.6667,50
ws,1000,8,0.1,0.2,25,50,2-hop,600,0.978333,0.0059438,0.893333,162.542,175
ws,1000,8,0.1,0.2,25,50,3-hop,600,1,0,1,198.375,200
ws,1000,8,0.1,0.2,25,50,unbounded,600,1,0,1,201.042,200
ws,1000,8,0.1,0.2,25,50,centralised,600,1,0,1,20000,20000
ws,1000,8,0.1,0.2,25,50,one-hop-static,600,0.115,0.013024,0.00666667,25.3056,24.3056
ws,1000,10,0.1,0.2,25,50,one-hop,600,0.633333,0.0196733,0.151667,51.125,50
ws,1000,10,0.1,0.2,25,50,2-hop,600,0.998333,0.00166528,0.975,222.125,225
ws,1000,10,0.1,0.2,25,50,3-hop,600,1,0,1,247.792,250
ws,1000,10,0.1,0.2,25,50,unbounded,600,1,0,1,248.458,250
ws,1000,10,0.1,0.2,25,50,centralised,600,1,0,1,20000,20000
ws,1000,10,0.1,0.2,25,50,one-hop-static,600,0.118333,0.0131865,0,25.1492,22.2222
ws,1000,12,0.1,0.2,25,50,one-hop,600,0.713333,0.0184612,0.211667,59.9167,50
ws,1000,12,0.1,0.2,25,50,2-hop,600,1,0,1,275.167,275
ws,1000,12,0.1,0.2,25,50,3-hop,600,1,0,1,298.292,300
ws,1000,12,0.1,0.2,25,50,unbounded,600,1,0,1,298.292,300
ws,1000,12,0.1,0.2,25,50,centralised,600,1,0,1,20000,20000
ws,1000,12,0.1,0.2,25,50,one-hop-static,600,0.0933333,0.0118759,0.00166667,24.9227,20.202
ws,1000,8,0.1,0.05,25,50,one-hop,600,0.0533333,0.00917323,0.00166667,10.5417,0
ws,1000,8,0.1,0.05,25,50,2-hop,600,0.576667,0.020171,0.391667,65.875,50
ws,1000,8,0.1,0.05,25,50,3-hop,600,0.923333,0.0108619,0.758333,131.917,150
ws,1000,8,0.1,0.05,25,50,unbounded,600,1,0,1,199.958,200
ws,1000,8,0.1,0.05,25,50,centralised,600,1,0,1,5000,5000
ws,1000,8,0.1,0.05,25,50,one-hop-static,600,0.00166667,0.00166528,0,5.48558,0
ws,1000,8,0.1,0.1,25,50,one-hop,600,0.198333,0.0162787,0.00166667,20,25
ws,1000,8,0.1,0.1,25,50,2-hop,600,0.85,0.0145774,0.66,110.708,125
ws,1000,8,0.1,0.1,25,50,3-hop,600,0.998333,0.00166528,0.966667,178.125,200
ws,1000,8,0.1,0.1,25,50,unbounded,600,1,0,1,200.208,200
ws,1000,8,0.1,0.1,25,50,centralised,600,1,0,1,10000,10000
ws,1000,8,0.1,0.1,25,50,one-hop-static,600,0.01,0.00406202,0,11.2914,12.5
ws,1000,8,0.1,0.3,25,50,one-hop,600,0.723333,0.018263,0.206667,60.0417,50
ws,1000,8,0.1,0.3,25,50,2-hop,600,0.996667,0.00235309,0.983333,189.25,200
ws,1000,8,0.1,0.3,25,50,3-hop,600,1,0,1,199.875,200
ws,1000,8,0.1,0.3,25,50,unbounded,600,1,0,1,200.292,200
ws,1000,8,0.1,0.3,25,50,centralised,600,1,0,1,30000,30000
ws,1000,8,0.1,0.3,25,50,one-hop-static,600,0.353333,0.0195145,0.0383333,41.8671,36.6667
ws,1000,8,0.1,0.5,25,50,one-hop,600,0.973333,0.00657718,0.618333,99.5833,100
ws,1000,8,0.1,0.5,25,50,2-hop,600,1,0,1,200.542,200
ws,1000,8,0.1,0.5,25,50,3-hop,600,1,0,1,200.792,200
ws,1000,8,0.1,0.5,25,50,unbounded,600,1,0,1,200.792,200
ws,1000,8,0.1,0.5,25,50,centralised,600,1,0,1,50000,50000
ws,1000,8,0.1,0.5,25,50,one-hop-static,600,0.835,0.0151534,0.336667,85.2014,82.9167
ba,1000,4,0.1,0.2,25,50,one-hop,600,0.138333,0.0140948,0.0216667,18.2083,0
ba,1000,4,0.1,0.2,25,50,2-hop,600,0.74,0.0179072,0.141667,63.125,50
ba,1000,4,0.1,0.2,25,50,3-hop,600,0.995,0.00287953,0.273333,91,50
ba,1000,4,0.1,0.2,25,50,unbounded,600,1,0,0.311667,97.125,75
ba,1000,4,0.1,0.2,25,50,centralised,600,1,0,1,20000,20000
ba,1000,4,0.1,0.2,25,50,one-hop-static,600,0.09,0.0116833,0.015,14.4398,0
ba,1000,6,0.1,0.2,25,50,one-hop,600,0.255,0.017794,0.0516667,29.875,25
ba,1000,6,0.1,0.2,25,50,2-hop,600,0.98,0.00571548,0.393333,112.25,75
ba,1000,6,0.1,0.2,25,50,3-hop,600,1,0,0.583333,145.583,100
ba,1000,6,0.1,0.2,25,50,unbounded,600,1,0,0.591667,146.417,100
ba,1000,6,0.1,0.2,25,50,centralised,600,1,0,1,20000,20000
ba,1000,6,0.1,0.2,25,50,one-hop-static,600,0.105,0.012515,0.0166667,18.9086,7.69231
ba,1000,8,0.1,0.2,25,50,one-hop,600,0.398333,0.019986,0.0933333,40.7083,25
ba,1000,8,0.1,0.2,25,50,2-hop,600,1,0,0.848333,161.333,125
ba,1000,8,0.1,0.2,25,50,3-hop,600,1,0,1,193.5,150
ba,1000,8,0.1,0.2,25,50,unbounded,600,1,0,1,193.5,150
ba,1000,8,0.1,0.2,25,50,centralised,600,1,0,1,20000,20000
ba,1000,8,0.1,0.2,25,50,one-hop-static,600,0.14,0.0141657,0.0366667,23.9428,16.6667
ba,1000,10,0.1,0.2,25,50,one-hop,600,0.473333,0.0203834,0.128333,47.75,25
ba,1000,10,0.1,0.2,25,50,2-hop,600,1,0,0.978333,207.167,150
ba,1000,10,0.1,0.2,25,50,3-hop,600,1,0,1,235.917,175
ba,1000,10,0.1,0.2,25,50,unbounded,600,1,0,1,235.917,175
ba,1000,10,0.1,0.2,25,50,centralised,600,1,0,1,20000,20000
ba,1000,10,0.1,0.2,25,50,one-hop-static,600,0.11,0.0127737,0.0233333,22.4437,14.2857
ba,1000,12,0.1,0.2,25,50,one-hop,600,0.575,0.0201815,0.173333,59.0417,50
ba,1000,12,0.1,0.2,25,50,2-hop,600,1,0,0.996667,276.333,200
ba,1000,12,0.1,0.2,25,50,3-hop,600,1,0,1,305.583,200
ba,1000,12,0.1,0.2,25,50,unbounded,600,1,0,1,305.583,200
ba,1000,12,0.1,0.2,25,50,centralised,600,1,0,1,20000,20000
ba,1000,12,0.1,0.2,25,50,one-hop-static,600,0.116667,0.0131057,0.03,25.7585,16.8019
ba,1000,8,0.1,0.05,25,50,one-hop,600,0.0566667,0.00943889,0.005,10.0417,0
ba,1000,8,0.1,0.05,25,50,2-hop,600,0.831667,0.0152751,0.383333,90.4583,75
ba,1000,8,0.1,0.05,25,50,3-hop,600,1,0,0.991667,190.708,125
ba,1000,8,0.1,0.05,25,50,unbounded,600,1,0,1,196.708,125
ba,1000,8,0.1,0.05,25,50,centralised,600,1,0,1,5000,5000
ba,1000,8,0.1,0.05,25,50,one-hop-static,600,0.00833333,0.00371122,0.00166667,5.43877,0
ba,1000,8,0.1,0.1,25,50,one-hop,600,0.161667,0.0150294,0.0316667,20.5833,0
ba,1000,8,0.1,0.1,25,50,2-hop,600,0.965,0.00750278,0.62,133.958,100
ba,1000,8,0.1,0.1,25,50,3-hop,600,1,0,0.996667,208.417,125
ba,1000,8,0.1,0.1,25,50,unbounded,600,1,0,1,209.542,125
ba,1000,8,0.1,0.1,25,50,centralised,600,1,0,1,10000,10000
ba,1000,8,0.1,0.1,25,50,one-hop-static,600,0.0516667,0.0090367,0.0166667,11.6029,0
ba,1000,8,0.1,0.3,25,50,one-hop,600,0.563333,0.020248,0.181667,62.0417,50
ba,1000,8,0.1,0.3,25,50,2-hop,600,1,0,0.95,184.583,125
ba,1000,8,0.1,0.3,25,50,3-hop,600,1,0,1,200.958,125
ba,1000,8,0.1,0.3,25,50,unbounded,600,1,0,1,200.958,125
ba,1000,8,0.1,0.3,25,50,centralised,600,1,0,1,30000,30000
ba,1000,8,0.1,0.3,25,50,one-hop-static,600,0.243333,0.0175177,0.085,39.0155,25
ba,1000,8,0.1,0.5,25,50,one-hop,600,0.845,0.0147747,0.39,99.125,75
ba,1000,8,0.1,0.5,25,50,2-hop,600,1,0,0.995,191.917,125
ba,1000,8,0.1,0.5,25,50,3-hop,600,1,0,1,193.708,125
ba,1000,8,0.1,0.5,25,50,unbounded,600,1,0,1,193.708,125
ba,1000,8,0.1,0.5,25,50,centralised,600,1,0,1,50000,50000
ba,1000,8,0.1,0.5,25,50,one-hop-static,600,0.521667,0.0203932,0.165,70.0761,50
sbm,1000,4,0.1,0.2,25,50,one-hop,600,0.181667,0.0157408,0.01,19.7083,25
sbm,1000,4,0.1,0.2,25,50,2-hop,600,0.708333,0.0185561,0.231667,61.875,50
sbm,1000,4,0.1,0.2,25,50,3-hop,600,0.871667,0.0136543,0.486667,90.5833,75
sbm,1000,4,0.1,0.2,25,50,unbounded,600,0.886667,0.0129415,0.531667,95.125,100
sbm,1000,4,0.1,0.2,25,50,centralised,600,1,0,1,20000,20000
sbm,1000,4,0.1,0.2,25,50,one-hop-static,600,0.0983333,0.0121562,0.00333333,17.3985,16.6667
sbm,1000,6,0.1,0.2,25,50,one-hop,600,0.328333,0.0191716,0.03,30.2917,25
sbm,1000,6,0.1,0.2,25,50,2-hop,600,0.933333,0.0101835,0.678333,114.083,100
sbm,1000,6,0.1,0.2,25,50,3-hop,600,0.978333,0.0059438,0.84,147.375,150
sbm,1000,6,0.1,0.2,25,50,unbounded,600,0.978333,0.0059438,0.84,148.25,150
sbm,1000,6,0.1,0.2,25,50,centralised,600,1,0,1,20000,20000
sbm,1000,6,0.1,0.2,25,50,one-hop-static,600,0.113333,0.0129415,0.00833333,22.5539,20
sbm,1000,8,0.1,0.2,25,50,one-hop,600,0.491667,0.0204096,0.085,41,25
sbm,1000,8,0.1,0.2,25,50,2-hop,600,0.985,0.00496236,0.883333,166.458,175
sbm,1000,8,0.1,0.2,25,50,3-hop,600,0.99,0.00406202,0.946667,195.042,200
sbm,1000,8,0.1,0.2,25,50,unbounded,600,0.99,0.00406202,0.946667,195.208,200
sbm,1000,8,0.1,0.2,25,50,centralised,600,1,0,1,20000,20000
sbm,1000,8,0.1,0.2,25,50,one-hop-static,600,0.11,0.0127737,0.00333333,23.7831,20.5177
sbm,1000,10,0.1,0.2,25,50,one-hop,600,0.605,0.0199572,0.141667,50.6667,50
sbm,1000,10,0.1,0.2,25,50,2-hop,600,0.998333,0.00166528,0.98,223,225
sbm,1000,10,0.1,0.2,25,50,3-hop,600,1,0,0.988333,247.667,250
sbm,1000,10,0.1,0.2,25,50,unbounded,600,1,0,0.988333,247.667,250
sbm,1000,10,0.1,0.2,25,50,centralised,600,1,0,1,20000,20000
sbm,1000,10,0.1,0.2,25,50,one-hop-static,600,0.103333,0.0124268,0.00166667,25.1155,22.5595
sbm,1000,12,0.1,0.2,25,50,one-hop,600,0.69,0.0188812,0.201667,59.3333,50
sbm,1000,12,0.1,0.2,25,50,2-hop,600,1,0,0.998333,281.083,275
sbm,1000,12,0.1,0.2,25,50,3-hop,600,1,0,0.998333,302.625,300
sbm,1000,12,0.1,0.2,25,50,unbounded,600,1,0,0.998333,302.667,300
sbm,1000,12,0.1,0.2,25,50,centralised,600,1,0,1,20000,20000
sbm,1000,12,0.1,0.2,25,50,one-hop-static,600,0.075,0.0107529,0.00166667,24.665,23.3847
sbm,1000,8,0.1,0.05,25,50,one-hop,600,0.0733333,0.0106423,0.00333333,10.9583,0
sbm,1000,8,0.1,0.05,25,50,2-hop,600,0.74,0.0179072,0.36,74.0833,75
sbm,1000,8,0.1,0.05,25,50,3-hop,600,0.99,0.00406202,0.931667,181.333,175
sbm,1000,8,0.1,0.05,25,50,unbounded,600,0.996667,0.00235309,0.958333,198.333,200
sbm,1000,8,0.1,0.05,25,50,centralised,600,1,0,1,5000,5000
sbm,1000,8,0.1,0.05,25,50,one-hop-static,600,0.00166667,0.00166528,0,5.56289,0
sbm,1000,8,0.1,0.1,25,50,one-hop,600,0.211667,0.0166765,0.0133333,21.0417,25
sbm,1000,8,0.1,0.1,25,50,2-hop,600,0.928333,0.0105302,0.698333,120.208,125
sbm,1000,8,0.1,0.1,25,50,3-hop,600,0.998333,0.00166528,0.953333,201,200
sbm,1000,8,0.1,0.1,25,50,unbounded,600,0.998333,0.00166528,0.956667,203.75,200
sbm,1000,8,0.1,0.1,25,50,centralised,600,1,0,1,10000,10000
sbm,1000,8,0.1,0.1,25,50,one-hop-static,600,0.0133333,0.00468251,0.00166667,11.0432,9.09091
sbm,1000,8,0.1,0.3,25,50,one-hop,600,0.703333,0.0186483,0.24,61.9167,50
sbm,1000,8,0.1,0.3,25,50,2-hop,600,0.99,0.00406202,0.941667,190.125,200
sbm,1000,8,0.1,0.3,25,50,3-hop,600,0.993333,0.0033222,0.96,201.083,200
sbm,1000,8,0.1,0.3,25,50,unbounded,600,0.993333,0.0033222,0.96,201.125,200
sbm,1000,8,0.1,0.3,25,50,centralised,600,1,0,1,30000,30000
sbm,1000,8,0.1,0.3,25,50,one-hop-static,600,0.343333,0.0193845,0.04,40.5168,37.5
sbm,1000,8,0.1,0.5,25,50,one-hop,600,0.92,0.0110755,0.583333,101.75,100
sbm,1000,8,0.1,0.5,25,50,2-hop,600,0.995,0.00287953,0.955,201.583,200
sbm,1000,8,0.1,0.5,25,50,3-hop,600,0.995,0.00287953,0.956667,203.083,200
sbm,1000,8,0.1,0.5,25,50,unbounded,600,0.995,0.00287953,0.956667,203.083,200
sbm,1000,8,0.1,0.5,25,50,centralised,600,1,0,1,50000,50000
sbm,1000,8,0.1,0.5,25,50,one-hop-static,600,0.763333,0.017352,0.298333,82.2745,78.1746
sbm-concentrated,1000,4,0.1,0.2,25,50,one-hop,600,0.166667,0.0152145,0.0283333,15.2083,0
sbm-concentrated,1000,4,0.1,0.2,25,50,2-hop,600,0.385,0.0198652,0.16,40.5833,25
sbm-concentrated,1000,4,0.1,0.2,25,50,3-hop,600,0.681667,0.0190174,0.26,64.1667,50
sbm-concentrated,1000,4,0.1,0.2,25,50,unbounded,600,0.905,0.0119704,0.545,97.9583,100
sbm-concentrated,1000,4,0.1,0.2,25,50,centralised,600,1,0,1,20000,20000
sbm-concentrated,1000,4,0.1,0.2,25,50,one-hop-static,600,0.121667,0.0133457,0.0116667,14.0284,0
sbm-concentrated,1000,6,0.1,0.2,25,50,one-hop,600,0.246667,0.0175984,0.07,22.75,0
sbm-concentrated,1000,6,0.1,0.2,25,50,2-hop,600,0.556667,0.0202809,0.291667,65.5,50
sbm-concentrated,1000,6,0.1,0.2,25,50,3-hop,600,0.946667,0.00917323,0.698333,118.667,125
sbm-concentrated,1000,6,0.1,0.2,25,50,unbounded,600,0.983333,0.00522636,0.863333,149.958,150
sbm-concentrated,1000,6,0.1,0.2,25,50,centralised,600,1,0,1,20000,20000
sbm-concentrated,1000,6,0.1,0.2,25,50,one-hop-static,600,0.171667,0.0153947,0.02,19.1023,0
sbm-concentrated,1000,8,0.1,0.2,25,50,one-hop,600,0.335,0.0192689,0.153333,33.75,0
sbm-concentrated,1000,8,0.1,0.2,25,50,2-hop,600,0.676667,0.0190958,0.428333,98.375,75
sbm-concentrated,1000,8,0.1,0.2,25,50,3-hop,600,0.988333,0.00438379,0.9,171.25,175
sbm-concentrated,1000,8,0.1,0.2,25,50,unbounded,600,0.998333,0.00166528,0.948333,198.25,200
sbm-concentrated,1000,8,0.1,0.2,25,50,centralised,600,1,0,1,20000,20000
sbm-concentrated,1000,8,0.1,0.2,25,50,one-hop-static,600,0.216667,0.0168188,0.0433333,23.9294,0
sbm-concentrated,1000,10,0.1,0.2,25,50,one-hop,600,0.346667,0.0194289,0.173333,37.875,0
sbm-concentrated,1000,10,0.1,0.2,25,50,2-hop,600,0.821667,0.0156275,0.523333,125.375,100
sbm-concentrated,1000,10,0.1,0.2,25,50,3-hop,600,1,0,0.986667,239.25,225
sbm-concentrated,1000,10,0.1,0.2,25,50,unbounded,600,1,0,0.993333,252.708,250
sbm-concentrated,1000,10,0.1,0.2,25,50,centralised,600,1,0,1,20000,20000
sbm-concentrated,1000,10,0.1,0.2,25,50,one-hop-static,600,0.203333,0.0164311,0.0366667,23.4064,0
sbm-concentrated,1000,12,0.1,0.2,25,50,one-hop,600,0.365,0.0196543,0.246667,47.125,0
sbm-concentrated,1000,12,0.1,0.2,25,50,2-hop,600,0.878333,0.0133457,0.635,154.5,125
sbm-concentrated,1000,12,0.1,0.2,25,50,3-hop,600,1,0,1,295.167,300
sbm-concentrated,1000,12,0.1,0.2,25,50,unbounded,600,1,0,1,303.417,300
sbm-concentrated,1000,12,0.1,0.2,25,50,centralised,600,1,0,1,20000,20000
sbm-concentrated,1000,12,0.1,0.2,25,50,one-hop-static,600,0.208333,0.0165796,0.0433333,24.5939,0
sbm-concentrated,1000,8,0.1,0.05,25,50,one-hop,600,0.085,0.0113853,0.00666667,9.625,0
sbm-concentrated,1000,8,0.1,0.05,25,50,2-hop,600,0.498333,0.0204123,0.303333,60.4583,25
sbm-concentrated,1000,8,0.1,0.05,25,50,3-hop,600,0.931667,0.0103008,0.67,132.542,125
sbm-concentrated,1000,8,0.1,0.05,25,50,unbounded,600,1,0,0.958333,198.917,200
sbm-concentrated,1000,8,0.1,0.05,25,50,centralised,600,1,0,1,5000,5000
sbm-concentrated,1000,8,0.1,0.05,25,50,one-hop-static,600,0.00666667,0.0033222,0,5.00607,0
sbm-concentrated,1000,8,0.1,0.1,25,50,one-hop,600,0.215,0.0167718,0.035,18.8333,0
sbm-concentrated,1000,8,0.1,0.1,25,50,2-hop,600,0.585,0.0201153,0.376667,83.375,50
sbm-concentrated,1000,8,0.1,0.1,25,50,3-hop,600,0.975,0.00637377,0.826667,153.208,150
sbm-concentrated,1000,8,0.1,0.1,25,50,unbounded,600,0.995,0.00287953,0.95,195.667,200
sbm-concentrated,1000,8,0.1,0.1,25,50,centralised,600,1,0,1,10000,10000
sbm-concentrated,1000,8,0.1,0.1,25,50,one-hop-static,600,0.0466667,0.00861093,0.00166667,10.6825,0
sbm-concentrated,1000,8,0.1,0.3,25,50,one-hop,600,0.316667,0.0189907,0.223333,39.6667,0
sbm-concentrated,1000,8,0.1,0.3,25,50,2-hop,600,0.735,0.0180174,0.398333,96.375,75
sbm-concentrated,1000,8,0.1,0.3,25,50,3-hop,600,0.993333,0.0033222,0.911667,181.708,175
sbm-concentrated,1000,8,0.1,0.3,25,50,unbounded,600,0.996667,0.00235309,0.946667,198.208,200
sbm-concentrated,1000,8,0.1,0.3,25,50,centralised,600,1,0,1,30000,30000
sbm-concentrated,1000,8,0.1,0.3,25,50,one-hop-static,600,0.275,0.0182289,0.145,33.9833,0
sbm-concentrated,1000,8,0.1,0.5,25,50,one-hop,600,0.0783333,0.0109694,0,10.8333,0
sbm-concentrated,1000,8,0.1,0.5,25,50,2-hop,600,0.826667,0.0154536,0.375,77.5833,75
sbm-concentrated,1000,8,0.1,0.5,25,50,3-hop,600,0.995,0.00287953,0.933333,184.75,175
sbm-concentrated,1000,8,0.1,0.5,25,50,unbounded,600,0.998333,0.00166528,0.945,194.25,200
sbm-concentrated,1000,8,0.1,0.5,25,50,centralised,600,1,0,1,50000,50000
sbm-concentrated,1000,8,0.1,0.5,25,50,one-hop-static,600,0.0783333,0.0109694,0,10.8333,0
ws,500,8,0.1,0.2,25,50,one-hop,600,0.486667,0.0204052,0.0533333,40.125,25
ws,500,8,0.1,0.2,25,50,2-hop,600,0.968333,0.00714888,0.915,165.792,175
ws,500,8,0.1,0.2,25,50,3-hop,600,1,0,1,197.667,200
ws,500,8,0.1,0.2,25,50,unbounded,600,1,0,1,200.167,200
ws,500,8,0.1,0.2,25,50,centralised,600,1,0,1,10000,10000
ws,500,8,0.1,0.2,25,50,one-hop-static,600,0.111667,0.012858,0,24.6908,20
ws,2000,8,0.1,0.2,25,50,one-hop,600,0.491667,0.0204096,0.065,39.5833,25
ws,2000,8,0.1,0.2,25,50,2-hop,600,0.965,0.00750278,0.918333,162.167,175
ws,2000,8,0.1,0.2,25,50,3-hop,600,1,0,0.998333,196.292,200
ws,2000,8,0.1,0.2,25,50,unbounded,600,1,0,1,199.167,200
ws,2000,8,0.1,0.2,25,50,centralised,600,1,0,1,40000,40000
ws,2000,8,0.1,0.2,25,50,one-hop-static,600,0.126667,0.0135783,0.00666667,24.8992,20
ws,1000,8,0.05,0.2,25,50,one-hop,600,0.465,0.0203623,0.06,38.375,25
ws,1000,8,0.05,0.2,25,50,2-hop,600,0.97,0.00696419,0.921667,162.75,175
ws,1000,8,0.05,0.2,25,50,3-hop,600,1,0,0.991667,196.25,200
ws,1000,8,0.05,0.2,25,50,unbounded,600,1,0,1,201,200
ws,1000,8,0.05,0.2,25,50,centralised,600,1,0,1,20000,20000
ws,1000,8,0.05,0.2,25,50,one-hop-static,600,0.116667,0.0131057,0.005,23.8995,16.6667
ws,1000,8,0.3,0.2,25,50,one-hop,600,0.503333,0.020412,0.07,40.2917,50
ws,1000,8,0.3,0.2,25,50,2-hop,600,0.995,0.00287953,0.948333,166.167,175
ws,1000,8,0.3,0.2,25,50,3-hop,600,1,0,1,200.75,200
ws,1000,8,0.3,0.2,25,50,unbounded,600,1,0,1,200.917,200
ws,1000,8,0.3,0.2,25,50,centralised,600,1,0,1,20000,20000
ws,1000,8,0.3,0.2,25,50,one-hop-static,600,0.115,0.013024,0.00166667,25.1981,23.4939
ws,1000,8,0.1,0.2,10,50,one-hop,600,0.0183333,0.0054768,0,15.8667,20
ws,1000,8,0.1,0.2,10,50,2-hop,600,0.836667,0.0150917,0.015,65.4,70
ws,1000,8,0.1,0.2,10,50,3-hop,600,0.998333,0.00166528,0.0466667,79.3833,80
ws,1000,8,0.1,0.2,10,50,unbounded,600,1,0,0.0516667,80.4167,80
ws,1000,8,0.1,0.2,10,50,centralised,600,1,0,1,20000,20000
ws,1000,8,0.1,0.2,10,50,one-hop-static,600,0.0183333,0.0054768,0,15.8667,20
ws,1000,8,0.1,0.2,50,50,one-hop,600,0.801667,0.0162787,0.503333,79.3333,100
ws,1000,8,0.1,0.2,50,50,2-hop,600,0.998333,0.00166528,0.978333,301.583,300
ws,1000,8,0.1,0.2,50,50,3-hop,600,1,0,1,393.667,400
ws,1000,8,0.1,0.2,50,50,unbounded,600,1,0,1,402.083,400
ws,1000,8,0.1,0.2,50,50,centralised,600,1,0,1,20000,20000
ws,1000,8,0.1,0.2,50,50,one-hop-static,600,0.118333,0.0131865,0.01,25.6806,24.3056
ws,1000,8,0.1,0.2,100,50,one-hop,600,0.801667,0.0162787,0.801667,158.667,200
ws,1000,8,0.1,0.2,100,50,2-hop,600,0.998333,0.00166528,0.998333,472,500
ws,1000,8,0.1,0.2,100,50,3-hop,600,1,0,1,768.583,800
ws,1000,8,0.1,0.2,100,50,unbounded,600,1,0,1,804.167,800
ws,1000,8,0.1,0.2,100,50,centralised,600,1,0,1,20000,20000
ws,1000,8,0.1,0.2,100,50,one-hop-static,600,0.118333,0.0131865,0.01,25.6806,24.3056
