family,n,degree,rewiring,q,c,x,rho,regime,success,se,routed_share,mean_hops,slots_per_loan,slots_direct,slots_routed,relayed_share,remote_share,utilisation,duration,warmup
ws,1000,4,0.1,0.2,25,50,0.5,3-hop,0.6225,0.00847791,0.811245,1.85663,5.5245,4.28936,5.81188,0.629719,0.486345,0.313273,200,600
ws,1000,4,0.1,0.2,25,50,0.5,2-hop,0.4885,0.00620484,0.729785,1.48721,4.71955,4.26515,4.8878,0.487206,0.323951,0.248636,200,600
ws,1000,4,0.1,0.2,25,50,0.5,unbounded,0.7575,0.0113743,0.875908,2.77624,7.42838,4.32979,7.86737,0.722772,0.608673,0.377305,200,600
ws,1000,6,0.1,0.2,25,50,0.5,3-hop,0.8905,0.00772172,0.752948,1.7431,5.71252,4.56818,6.08799,0.585828,0.475856,0.437786,200,600
ws,1000,6,0.1,0.2,25,50,0.5,2-hop,0.7585,0.0109144,0.677653,1.4925,5.0857,4.59305,5.32004,0.490732,0.359209,0.374265,200,600
ws,1000,6,0.1,0.2,25,50,0.5,unbounded,0.977,0.0058843,0.801433,2.05377,6.63562,4.5567,7.1507,0.643132,0.525189,0.474396,200,600
ws,1000,8,0.1,0.2,25,50,0.5,3-hop,0.9575,0.00647109,0.720104,1.69311,6.6141,5.29104,7.12835,0.55152,0.471582,0.475835,200,600
ws,1000,8,0.1,0.2,25,50,0.5,2-hop,0.828,0.00329773,0.631039,1.46732,5.54891,5.28314,5.70431,0.458454,0.372947,0.415536,200,600
ws,1000,8,0.1,0.2,25,50,0.5,unbounded,0.999,0.001,0.756256,1.80951,7.75025,5.40452,8.50629,0.58009,0.499389,0.49643,200,600
ws,1000,10,0.1,0.2,25,50,0.5,3-hop,0.9955,0.00229129,0.621296,1.50906,6.83124,5.84615,7.43169,0.448197,0.389483,0.4923,200,600
ws,1000,10,0.1,0.2,25,50,0.5,2-hop,0.935,0.00840387,0.573797,1.40107,6.13636,5.84191,6.35508,0.397433,0.347775,0.462881,200,600
ws,1000,10,0.1,0.2,25,50,0.5,unbounded,1,0,0.631,1.52684,7.1905,5.85637,7.97068,0.45906,0.4024,0.494908,200,600
ws,1000,12,0.1,0.2,25,50,0.5,3-hop,1,0,0.557,1.42198,7.4145,6.57562,8.08169,0.38188,0.34842,0.50188,200,600
ws,1000,12,0.1,0.2,25,50,0.5,2-hop,0.96,0.00285044,0.51875,1.3448,6.75417,6.52165,6.96988,0.338406,0.303115,0.479609,200,600
ws,1000,12,0.1,0.2,25,50,0.5,unbounded,1,0,0.556,1.42045,7.4,6.52027,8.10252,0.3829,0.35382,0.50188,200,600
ws,1000,8,0.1,0.05,25,50,0.5,3-hop,0.8505,0.00470372,0.959436,2.1458,5.97942,4.11594,6.05821,0.814815,0.696649,0.41756,50,300
ws,1000,8,0.1,0.05,25,50,0.5,2-hop,0.552,0.00906228,0.931159,1.69067,4.8433,4.15789,4.89397,0.689764,0.494565,0.27075,50,300
ws,1000,8,0.1,0.05,25,50,0.5,unbounded,1,0,0.969,2.46025,6.624,4.12903,6.70382,0.8495,0.7425,0.494535,50,300
ws,1000,8,0.1,0.1,25,50,0.5,3-hop,0.917,0.00382426,0.880589,1.96679,5.98419,4.55708,6.17771,0.728015,0.640033,0.47095,100,300
ws,1000,8,0.1,0.1,25,50,0.5,2-hop,0.6975,0.00720243,0.809319,1.61517,5.08172,4.50376,5.21789,0.613018,0.502151,0.363495,100,300
ws,1000,8,0.1,0.1,25,50,0.5,unbounded,1,0,0.9,2.17316,7.249,4.58,7.54556,0.7627,0.66936,0.507162,100,300
ws,1000,8,0.1,0.3,25,50,0.5,3-hop,0.9505,0.00644205,0.595476,1.52295,7.7233,6.54096,8.5265,0.430626,0.360168,0.478558,300,900
ws,1000,8,0.1,0.3,25,50,0.5,2-hop,0.871,0.00808548,0.509759,1.36202,6.52181,6.38173,6.65653,0.354742,0.284156,0.43893,300,900
ws,1000,8,0.1,0.3,25,50,0.5,unbounded,0.9855,0.00289396,0.640791,1.67962,9.5865,6.66102,11.2264,0.464333,0.391487,0.494833,300,900
ws,1000,8,0.1,0.5,25,50,0.5,3-hop,0.93,0.00262202,0.448925,1.34428,9.95269,8.94244,11.1928,0.292849,0.231892,0.466687,500,1500
ws,1000,8,0.1,0.5,25,50,0.5,2-hop,0.8875,0.00454148,0.411831,1.25769,9.15831,8.94061,9.46922,0.245025,0.190817,0.450385,500,1500
ws,1000,8,0.1,0.5,25,50,0.5,unbounded,0.9335,0.00491172,0.472951,1.39779,10.722,9.00813,12.6319,0.301543,0.22647,0.472084,500,1500
ba,1000,4,0.1,0.2,25,50,0.5,3-hop,0.682,0.00969536,0.910557,2.04257,6.96408,5.22951,7.13446,0.706818,0.75632,0.342046,200,600
ba,1000,4,0.1,0.2,25,50,0.5,2-hop,0.489,0.0109716,0.824131,1.64319,5.93763,5.62791,6.00372,0.590102,0.642679,0.246737,200,600
ba,1000,4,0.1,0.2,25,50,0.5,unbounded,0.746,0.00573367,0.939678,2.31713,12.7151,5.44444,13.1819,0.749276,0.808606,0.371674,200,600
ba,1000,6,0.1,0.2,25,50,0.5,3-hop,0.874,0.0035,0.89016,1.88049,7.33295,6.10417,7.48458,0.662334,0.731556,0.449384,200,600
ba,1000,6,0.1,0.2,25,50,0.5,2-hop,0.7075,0.00379144,0.837456,1.668,6.24452,6.13913,6.26498,0.614021,0.668,0.369218,200,600
ba,1000,6,0.1,0.2,25,50,0.5,unbounded,0.898,0.0034821,0.922606,1.96741,11.5757,6.47482,12.0036,0.664599,0.771904,0.458509,200,600
ba,1000,8,0.1,0.2,25,50,0.5,3-hop,0.979,0.00244949,0.854443,1.76686,7.65781,6.70175,7.82068,0.645077,0.687835,0.495461,200,600
ba,1000,8,0.1,0.2,25,50,0.5,2-hop,0.8535,0.00889522,0.834798,1.65721,7.06854,6.94326,7.09333,0.616989,0.655442,0.432454,200,600
ba,1000,8,0.1,0.2,25,50,0.5,unbounded,0.983,0.00183712,0.906409,1.85048,12.942,6.80435,13.5758,0.650722,0.748494,0.498531,200,600
ba,1000,10,0.1,0.2,25,50,0.5,3-hop,0.9925,0.00111803,0.749118,1.56712,7.74358,7.81928,7.71822,0.506962,0.552766,0.473236,200,600
ba,1000,10,0.1,0.2,25,50,0.5,2-hop,0.959,0.00545436,0.788321,1.58251,7.86184,8.35961,7.72817,0.556757,0.580813,0.458919,200,600
ba,1000,10,0.1,0.2,25,50,0.5,unbounded,0.993,0.00122474,0.834844,1.67104,12.1516,7.88415,12.9958,0.528661,0.648087,0.473468,200,600
ba,1000,12,0.1,0.2,25,50,0.5,3-hop,0.9995,0.0005,0.702351,1.52492,7.62381,7.99328,7.46724,0.494437,0.517299,0.509969,200,600
ba,1000,12,0.1,0.2,25,50,0.5,2-hop,0.9815,0.00437321,0.747326,1.55812,7.93276,8.60081,7.70688,0.541508,0.556791,0.500781,200,600
ba,1000,12,0.1,0.2,25,50,0.5,unbounded,0.9985,0.001,0.796695,1.62232,12.0651,7.76847,13.1615,0.531257,0.610626,0.50908,200,600
ba,1000,8,0.1,0.05,25,50,0.5,3-hop,0.99,0.00362284,0.970202,2.20708,6.51263,4.40678,6.5773,0.868434,0.894949,0.487565,50,300
ba,1000,8,0.1,0.05,25,50,0.5,2-hop,0.651,0.00820061,0.941628,1.82923,5.73502,4.52632,5.80995,0.804593,0.825131,0.318405,50,300
ba,1000,8,0.1,0.05,25,50,0.5,unbounded,0.999,0.000612372,0.985986,2.3328,9.57608,4.5,9.64822,0.876827,0.918268,0.49164,50,300
ba,1000,8,0.1,0.1,25,50,0.5,3-hop,0.995,0.00136931,0.930653,1.96176,7.19095,5.71014,7.3013,0.770754,0.811015,0.495652,100,300
ba,1000,8,0.1,0.1,25,50,0.5,2-hop,0.778,0.00382426,0.895244,1.75165,6.49165,6.04908,6.54343,0.722931,0.748933,0.390595,100,300
ba,1000,8,0.1,0.1,25,50,0.5,unbounded,0.997,0.00122474,0.957874,2.04118,12.5446,5.83333,12.8398,0.764022,0.843862,0.496455,100,300
ba,1000,8,0.1,0.3,25,50,0.5,3-hop,0.949,0.00269258,0.772392,1.62601,8.58851,8.50463,8.61323,0.51058,0.571907,0.478286,300,900
ba,1000,8,0.1,0.3,25,50,0.5,2-hop,0.8525,0.00675463,0.750147,1.54902,8.06276,8.723,7.84285,0.498581,0.547601,0.428332,300,900
ba,1000,8,0.1,0.3,25,50,0.5,unbounded,0.9535,0.00291548,0.83849,1.72196,13.2391,8.5974,14.1332,0.524531,0.655113,0.48017,300,900
ba,1000,8,0.1,0.5,25,50,0.5,3-hop,0.8435,0.0134768,0.580913,1.42317,10.5732,10.9958,10.2684,0.30275,0.392424,0.411593,500,1500
ba,1000,8,0.1,0.5,25,50,0.5,2-hop,0.806,0.0102347,0.576303,1.38141,10.3002,11.3704,9.51346,0.30098,0.381154,0.386389,500,1500
ba,1000,8,0.1,0.5,25,50,0.5,unbounded,0.842,0.0100437,0.657957,1.50635,13.6449,10.8854,15.0794,0.288147,0.467304,0.414048,500,1500
sbm,1000,4,0.1,0.2,25,50,0.5,3-hop,0.651,0.0154029,0.864055,1.98055,6.14363,4.81356,6.35289,0.711029,0.700661,0.31448,200,600
sbm,1000,4,0.1,0.2,25,50,0.5,2-hop,0.478,0.00943398,0.763598,1.58665,5.36402,4.75221,5.55342,0.585251,0.572008,0.235453,200,600
sbm,1000,4,0.1,0.2,25,50,0.5,unbounded,0.74,0.016298,0.90473,2.35839,7.29324,4.70922,7.56535,0.761297,0.751527,0.362346,200,600
sbm,1000,6,0.1,0.2,25,50,0.5,3-hop,0.878,0.00357071,0.838269,1.85902,6.99089,4.96479,7.38179,0.666948,0.667574,0.438018,200,600
sbm,1000,6,0.1,0.2,25,50,0.5,2-hop,0.712,0.00658597,0.754213,1.56715,5.52669,4.86286,5.74302,0.561742,0.557949,0.354712,200,600
sbm,1000,6,0.1,0.2,25,50,0.5,unbounded,0.914,0.00331662,0.868162,1.93847,8.15098,5.02075,8.62634,0.687057,0.690689,0.455418,200,600
sbm,1000,8,0.1,0.2,25,50,0.5,3-hop,0.9815,0.00302076,0.721345,1.61095,6.80132,5.46252,7.3185,0.537881,0.540336,0.502783,200,600
sbm,1000,8,0.1,0.2,25,50,0.5,2-hop,0.907,0.00826892,0.671996,1.49931,6.16814,5.44202,6.52256,0.490662,0.488677,0.46163,200,600
sbm,1000,8,0.1,0.2,25,50,0.5,unbounded,0.986,0.0023184,0.738337,1.59984,7.56237,5.45736,8.30838,0.531471,0.531947,0.503816,200,600
sbm,1000,10,0.1,0.2,25,50,0.5,3-hop,0.998,0.00145774,0.633768,1.48341,6.71944,5.97538,7.14941,0.454309,0.457375,0.494701,200,600
sbm,1000,10,0.1,0.2,25,50,0.5,2-hop,0.9715,0.00203101,0.622234,1.45609,6.55224,6.04087,6.8627,0.446824,0.442192,0.482335,200,600
sbm,1000,10,0.1,0.2,25,50,0.5,unbounded,0.9985,0.001,0.667501,1.49552,7.62193,6.10241,8.37884,0.465528,0.464216,0.495224,200,600
sbm,1000,12,0.1,0.2,25,50,0.5,3-hop,0.9995,0.0005,0.535768,1.37685,7.09705,6.8944,7.27264,0.365623,0.365913,0.49002,200,600
sbm,1000,12,0.1,0.2,25,50,0.5,2-hop,0.9885,0.00269258,0.548306,1.37073,7.05008,7.03471,7.06273,0.365706,0.360991,0.485286,200,600
sbm,1000,12,0.1,0.2,25,50,0.5,unbounded,1,0,0.582,1.38453,7.7635,6.92584,8.36512,0.37093,0.37235,0.490154,200,600
sbm,1000,8,0.1,0.05,25,50,0.5,3-hop,0.9465,0.00860959,0.953513,2.16546,6.29477,4.27273,6.39335,0.849276,0.837485,0.49093,50,300
sbm,1000,8,0.1,0.05,25,50,0.5,2-hop,0.636,0.00731437,0.91195,1.7673,5.4544,4.21429,5.57414,0.766116,0.746069,0.33407,50,300
sbm,1000,8,0.1,0.05,25,50,0.5,unbounded,0.996,0.00127475,0.964859,2.22695,6.50703,4.31429,6.58689,0.857259,0.84261,0.511675,50,300
sbm,1000,8,0.1,0.1,25,50,0.5,3-hop,0.9805,0.00165831,0.858746,1.85694,5.98521,4.6787,6.20012,0.711117,0.702091,0.467587,100,300
sbm,1000,8,0.1,0.1,25,50,0.5,2-hop,0.813,0.00747496,0.816113,1.64054,5.47355,4.7291,5.6413,0.63722,0.625018,0.39029,100,300
sbm,1000,8,0.1,0.1,25,50,0.5,unbounded,0.9895,0.000935414,0.884285,1.87089,6.74634,4.75983,7.00629,0.714452,0.709035,0.472005,100,300
sbm,1000,8,0.1,0.3,25,50,0.5,3-hop,0.961,0.00522015,0.598335,1.45437,7.56191,6.85492,8.03652,0.416108,0.416483,0.47186,300,900
sbm,1000,8,0.1,0.3,25,50,0.5,2-hop,0.911,0.0104163,0.549396,1.3855,7.05104,6.83313,7.22977,0.380428,0.375862,0.44746,300,900
sbm,1000,8,0.1,0.3,25,50,0.5,unbounded,0.9615,0.00491172,0.611024,1.4574,8.27717,6.84225,9.19064,0.41012,0.414269,0.471503,300,900
sbm,1000,8,0.1,0.5,25,50,0.5,3-hop,0.8885,0.0121861,0.458075,1.31874,10.1891,9.74455,10.715,0.286798,0.290703,0.446468,500,1500
sbm,1000,8,0.1,0.5,25,50,0.5,2-hop,0.8645,0.00803897,0.409485,1.26933,9.49855,9.58668,9.37147,0.260694,0.264268,0.432808,500,1500
sbm,1000,8,0.1,0.5,25,50,0.5,unbounded,0.8895,0.0139508,0.464868,1.32708,10.946,9.86134,12.1947,0.286026,0.29267,0.447058,500,1500
sbm-concentrated,1000,4,0.1,0.2,25,50,0.5,3-hop,0.3905,0.0100437,0.725992,1.87024,6.28809,5.4486,6.60494,0.590243,0.588579,0.195865,200,600
sbm-concentrated,1000,4,0.1,0.2,25,50,0.5,2-hop,0.2775,0.00855132,0.587387,1.41802,5.52252,5.42358,5.59202,0.418018,0.416216,0.13351,200,600
sbm-concentrated,1000,4,0.1,0.2,25,50,0.5,unbounded,0.5225,0.0163745,0.839234,4.19962,38.4507,5.58333,44.7469,0.737225,0.734278,0.26184,200,600
sbm-concentrated,1000,6,0.1,0.2,25,50,0.5,3-hop,0.5925,0.00965013,0.69789,1.93912,7.01857,5.89944,7.50302,0.608574,0.606397,0.3036,200,600
sbm-concentrated,1000,6,0.1,0.2,25,50,0.5,2-hop,0.437,0.0148829,0.534325,1.4097,5.94851,5.97543,5.92505,0.408856,0.402563,0.22158,200,600
sbm-concentrated,1000,6,0.1,0.2,25,50,0.5,unbounded,0.7715,0.0244515,0.830849,3.80905,40.1218,6.31418,47.0047,0.742761,0.743007,0.39531,200,600
sbm-concentrated,1000,8,0.1,0.2,25,50,0.5,3-hop,0.6825,0.014296,0.67619,1.97941,8.3707,7.13575,8.96208,0.601934,0.601524,0.333889,200,600
sbm-concentrated,1000,8,0.1,0.2,25,50,0.5,2-hop,0.4845,0.00792149,0.500516,1.39571,6.65841,7.21074,6.10722,0.395335,0.39418,0.237345,200,600
sbm-concentrated,1000,8,0.1,0.2,25,50,0.5,unbounded,0.8835,0.0231652,0.80532,3.4187,34.9542,7.4593,41.6008,0.723882,0.726984,0.434832,200,600
sbm-concentrated,1000,10,0.1,0.2,25,50,0.5,3-hop,0.825,0.00612372,0.690303,2.02359,9.40909,8.15264,9.97278,0.628679,0.630352,0.413488,200,600
sbm-concentrated,1000,10,0.1,0.2,25,50,0.5,2-hop,0.5625,0.00720243,0.48,1.40459,7.336,8.21538,6.38333,0.403147,0.402969,0.279842,200,600
sbm-concentrated,1000,10,0.1,0.2,25,50,0.5,unbounded,0.995,0.00136931,0.781407,2.57737,20.1955,8.15632,23.5633,0.714784,0.719055,0.495786,200,600
sbm-concentrated,1000,12,0.1,0.2,25,50,0.5,3-hop,0.8895,0.0130719,0.67566,2.03447,11.7476,9.61872,12.7696,0.623047,0.624868,0.449685,200,600
sbm-concentrated,1000,12,0.1,0.2,25,50,0.5,2-hop,0.6215,0.0157837,0.476267,1.41566,8.10217,9.58525,6.47128,0.415157,0.414047,0.307,200,600
sbm-concentrated,1000,12,0.1,0.2,25,50,0.5,unbounded,0.999,0.001,0.728228,2.30544,17.2187,9.56538,20.0749,0.673964,0.674464,0.49412,200,600
sbm-concentrated,1000,8,0.1,0.05,25,50,0.5,3-hop,0.794,0.00846316,0.93262,2.21598,6.52393,4.69159,6.65631,0.829395,0.824798,0.398925,50,300
sbm-concentrated,1000,8,0.1,0.05,25,50,0.5,2-hop,0.467,0.020997,0.857602,1.68184,5.43362,4.76692,5.54432,0.6797,0.665782,0.231505,50,300
sbm-concentrated,1000,8,0.1,0.05,25,50,0.5,unbounded,0.9965,0.00127475,0.965379,2.61444,10.423,4.89855,10.6211,0.876367,0.871711,0.501145,50,300
sbm-concentrated,1000,8,0.1,0.1,25,50,0.5,3-hop,0.8125,0.00627495,0.808615,2.06873,6.62154,5.31833,6.92998,0.714634,0.712394,0.39127,100,300
sbm-concentrated,1000,8,0.1,0.1,25,50,0.5,2-hop,0.5405,0.00421307,0.6679,1.53406,5.58279,5.27577,5.73546,0.533895,0.530361,0.254298,100,300
sbm-concentrated,1000,8,0.1,0.1,25,50,0.5,unbounded,0.991,0.00257391,0.894551,2.49606,12.8239,5.72249,13.661,0.792089,0.791776,0.474907,100,300
sbm-concentrated,1000,8,0.1,0.3,25,50,0.5,3-hop,0.558,0.012855,0.636201,2.00231,8.55645,9.23645,8.16761,0.587473,0.587832,0.274246,300,900
sbm-concentrated,1000,8,0.1,0.3,25,50,0.5,2-hop,0.4215,0.0131956,0.468565,1.407,7.82088,9.15625,6.30633,0.405907,0.405219,0.210309,300,900
sbm-concentrated,1000,8,0.1,0.3,25,50,0.5,unbounded,0.6175,0.0190886,0.695547,4.07572,12.0858,9.34574,13.2852,0.653603,0.652032,0.310287,300,900
sbm-concentrated,1000,8,0.1,0.5,25,50,0.5,3-hop,0.204,0.0109716,1,2.74265,7.48039,nan,7.48039,0.965686,0.964461,0.104841,500,1500
sbm-concentrated,1000,8,0.1,0.5,25,50,0.5,2-hop,0.147,0.0105,0.921769,1.79932,5.59864,4,5.73432,0.79932,0.79932,0.0870295,500,1500
sbm-concentrated,1000,8,0.1,0.5,25,50,0.5,unbounded,0.223,0.0169632,1,6.43161,14.8632,nan,14.8632,0.995516,0.992152,0.109721,500,1500
ws,1000,8,0.1,0.2,25,50,0.25,3-hop,0.996,0.001,0.608936,1.53358,5.58835,5.25802,5.80049,0.466054,0.414066,0.239014,100,300
ws,1000,8,0.1,0.2,25,50,0.25,2-hop,0.9205,0.00953284,0.570885,1.41585,5.31233,5.23291,5.37203,0.414709,0.3517,0.220707,100,300
ws,1000,8,0.1,0.2,25,50,0.25,unbounded,1,0,0.6095,1.53494,5.5845,5.22407,5.81542,0.45966,0.39433,0.239813,100,300
ws,1000,8,0.1,0.2,25,50,1,3-hop,0.7495,0.00644205,0.899266,1.93877,10.5043,6.01325,11.0074,0.662428,0.582215,0.77442,400,1200
ws,1000,8,0.1,0.2,25,50,1,2-hop,0.64,0.0115109,0.747656,1.53866,6.47344,5.56037,6.78161,0.519797,0.422375,0.66081,400,1200
ws,1000,8,0.1,0.2,25,50,1,unbounded,0.888,0.0184966,0.983671,3.75878,41.3902,7.10345,41.9594,0.82634,0.831554,0.910554,400,1200
ws,1000,4,0.1,0.2,25,50,0.5,one-hop,0.1575,0.00596867,0,1,4.22857,4.22857,nan,0,0,0.071935,200,600
ws,1000,4,0.1,0.2,25,50,0.5,centralised,1,0,0,nan,nan,nan,nan,0,0,0.494805,200,600
ws,1000,6,0.1,0.2,25,50,0.5,one-hop,0.314,0.00257391,0,1,4.51911,4.51911,nan,0,0,0.149999,200,600
ws,1000,6,0.1,0.2,25,50,0.5,centralised,1,0,0,nan,nan,nan,nan,0,0,0.484365,200,600
ws,1000,8,0.1,0.2,25,50,0.5,one-hop,0.406,0.00491172,0,1,5.13054,5.13054,nan,0,0,0.203941,200,600
ws,1000,8,0.1,0.2,25,50,0.5,centralised,1,0,0,nan,nan,nan,nan,0,0,0.496855,200,600
ws,1000,10,0.1,0.2,25,50,0.5,one-hop,0.5035,0.00760756,0,1,5.74379,5.74379,nan,0,0,0.246559,200,600
ws,1000,10,0.1,0.2,25,50,0.5,centralised,1,0,0,nan,nan,nan,nan,0,0,0.494908,200,600
ws,1000,12,0.1,0.2,25,50,0.5,one-hop,0.603,0.00807775,0,1,6.3068,6.3068,nan,0,0,0.30694,200,600
ws,1000,12,0.1,0.2,25,50,0.5,centralised,1,0,0,nan,nan,nan,nan,0,0,0.50188,200,600
ws,1000,8,0.1,0.05,25,50,0.5,one-hop,0.044,0.00322102,0,1,4.13636,4.13636,nan,0,0,0.0207,50,300
ws,1000,8,0.1,0.05,25,50,0.5,centralised,1,0,0,nan,nan,nan,nan,0,0,0.494535,50,300
ws,1000,8,0.1,0.1,25,50,0.5,one-hop,0.1615,0.00893029,0,1,4.47678,4.47678,nan,0,0,0.08194,100,300
ws,1000,8,0.1,0.1,25,50,0.5,centralised,1,0,0,nan,nan,nan,nan,0,0,0.507162,100,300
ws,1000,8,0.1,0.3,25,50,0.5,one-hop,0.548,0.00871063,0,1,6.21898,6.21898,nan,0,0,0.283916,300,900
ws,1000,8,0.1,0.3,25,50,0.5,centralised,1,0,0,nan,nan,nan,nan,0,0,0.500583,300,900
ws,1000,8,0.1,0.5,25,50,0.5,one-hop,0.683,0.0113853,0,1,8.8287,8.8287,nan,0,0,0.345979,500,1500
ws,1000,8,0.1,0.5,25,50,0.5,centralised,1,0,0,nan,nan,nan,nan,0,0,0.498661,500,1500
ba,1000,4,0.1,0.2,25,50,0.5,one-hop,0.1335,0.00610328,0,1,6.1573,6.1573,nan,0,0,0.0692587,200,600
ba,1000,4,0.1,0.2,25,50,0.5,centralised,1,0,0,nan,nan,nan,nan,0,0,0.496814,200,600
ba,1000,6,0.1,0.2,25,50,0.5,one-hop,0.2075,0.00379144,0,1,6.6506,6.6506,nan,0,0,0.10678,200,600
ba,1000,6,0.1,0.2,25,50,0.5,centralised,1,0,0,nan,nan,nan,nan,0,0,0.503635,200,600
ba,1000,8,0.1,0.2,25,50,0.5,one-hop,0.28,0.0168077,0,1,6.74286,6.74286,nan,0,0,0.145835,200,600
ba,1000,8,0.1,0.2,25,50,0.5,centralised,1,0,0,nan,nan,nan,nan,0,0,0.50582,200,600
ba,1000,10,0.1,0.2,25,50,0.5,one-hop,0.401,0.00846316,0,1,7.74065,7.74065,nan,0,0,0.184278,200,600
ba,1000,10,0.1,0.2,25,50,0.5,centralised,1,0,0,nan,nan,nan,nan,0,0,0.477451,200,600
ba,1000,12,0.1,0.2,25,50,0.5,one-hop,0.426,0.0101427,0,1,8.20657,8.20657,nan,0,0,0.216191,200,600
ba,1000,12,0.1,0.2,25,50,0.5,centralised,1,0,0,nan,nan,nan,nan,0,0,0.509985,200,600
ba,1000,8,0.1,0.05,25,50,0.5,one-hop,0.0725,0.00974679,0,1,4.75862,4.75862,nan,0,0,0.0349,50,300
ba,1000,8,0.1,0.05,25,50,0.5,centralised,1,0,0,nan,nan,nan,nan,0,0,0.492785,50,300
ba,1000,8,0.1,0.1,25,50,0.5,one-hop,0.1585,0.00545436,0,1,5.84858,5.84858,nan,0,0,0.0785825,100,300
ba,1000,8,0.1,0.1,25,50,0.5,centralised,1,0,0,nan,nan,nan,nan,0,0,0.498713,100,300
ba,1000,8,0.1,0.3,25,50,0.5,one-hop,0.381,0.00731437,0,1,8.53281,8.53281,nan,0,0,0.189025,300,900
ba,1000,8,0.1,0.3,25,50,0.5,centralised,1,0,0,nan,nan,nan,nan,0,0,0.502862,300,900
ba,1000,8,0.1,0.5,25,50,0.5,one-hop,0.514,0.0142434,0,1,11.1362,11.1362,nan,0,0,0.249578,500,1500
ba,1000,8,0.1,0.5,25,50,0.5,centralised,1,0,0,nan,nan,nan,nan,0,0,0.485249,500,1500
sbm,1000,4,0.1,0.2,25,50,0.5,one-hop,0.1465,0.00437321,0,1,4.64164,4.64164,nan,0,0,0.0698825,200,600
sbm,1000,4,0.1,0.2,25,50,0.5,centralised,1,0,0,nan,nan,nan,nan,0,0,0.492411,200,600
sbm,1000,6,0.1,0.2,25,50,0.5,one-hop,0.2495,0.00953284,0,1,4.92585,4.92585,nan,0,0,0.125787,200,600
sbm,1000,6,0.1,0.2,25,50,0.5,centralised,1,0,0,nan,nan,nan,nan,0,0,0.496419,200,600
sbm,1000,8,0.1,0.2,25,50,0.5,one-hop,0.426,0.00882468,0,1,5.46244,5.46244,nan,0,0,0.221864,200,600
sbm,1000,8,0.1,0.2,25,50,0.5,centralised,1,0,0,nan,nan,nan,nan,0,0,0.512073,200,600
sbm,1000,10,0.1,0.2,25,50,0.5,one-hop,0.484,0.00846316,0,1,5.99793,5.99793,nan,0,0,0.247394,200,600
sbm,1000,10,0.1,0.2,25,50,0.5,centralised,1,0,0,nan,nan,nan,nan,0,0,0.496216,200,600
sbm,1000,12,0.1,0.2,25,50,0.5,one-hop,0.568,0.0130719,0,1,6.8257,6.8257,nan,0,0,0.277726,200,600
sbm,1000,12,0.1,0.2,25,50,0.5,centralised,1,0,0,nan,nan,nan,nan,0,0,0.490154,200,600
sbm,1000,8,0.1,0.05,25,50,0.5,one-hop,0.0675,0.00689202,0,1,4.28148,4.28148,nan,0,0,0.03631,50,300
sbm,1000,8,0.1,0.05,25,50,0.5,centralised,1,0,0,nan,nan,nan,nan,0,0,0.51359,50,300
sbm,1000,8,0.1,0.1,25,50,0.5,one-hop,0.1905,0.00183712,0,1,4.71391,4.71391,nan,0,0,0.0940925,100,300
sbm,1000,8,0.1,0.1,25,50,0.5,centralised,1,0,0,nan,nan,nan,nan,0,0,0.477932,100,300
sbm,1000,8,0.1,0.3,25,50,0.5,one-hop,0.546,0.00640312,0,1,6.78388,6.78388,nan,0,0,0.2629,300,900
sbm,1000,8,0.1,0.3,25,50,0.5,centralised,1,0,0,nan,nan,nan,nan,0,0,0.487424,300,900
sbm,1000,8,0.1,0.5,25,50,0.5,one-hop,0.643,0.00926688,0,1,9.74184,9.74184,nan,0,0,0.319658,500,1500
sbm,1000,8,0.1,0.5,25,50,0.5,centralised,1,0,0,nan,nan,nan,nan,0,0,0.497306,500,1500
sbm-concentrated,1000,4,0.1,0.2,25,50,0.5,one-hop,0.135,0.00911729,0,1,5.37037,5.37037,nan,0,0,0.0678312,200,600
sbm-concentrated,1000,4,0.1,0.2,25,50,0.5,centralised,1,0,0,nan,nan,nan,nan,0,0,0.491059,200,600
sbm-concentrated,1000,6,0.1,0.2,25,50,0.5,one-hop,0.2215,0.00823863,0,1,6.08578,6.08578,nan,0,0,0.107897,200,600
sbm-concentrated,1000,6,0.1,0.2,25,50,0.5,centralised,1,0,0,nan,nan,nan,nan,0,0,0.512448,200,600
sbm-concentrated,1000,8,0.1,0.2,25,50,0.5,one-hop,0.2615,0.00302076,0,1,7.13193,7.13193,nan,0,0,0.133841,200,600
sbm-concentrated,1000,8,0.1,0.2,25,50,0.5,centralised,1,0,0,nan,nan,nan,nan,0,0,0.491256,200,600
sbm-concentrated,1000,10,0.1,0.2,25,50,0.5,one-hop,0.3075,0.0067082,0,1,8.25041,8.25041,nan,0,0,0.153749,200,600
sbm-concentrated,1000,10,0.1,0.2,25,50,0.5,centralised,1,0,0,nan,nan,nan,nan,0,0,0.498934,200,600
sbm-concentrated,1000,12,0.1,0.2,25,50,0.5,one-hop,0.346,0.0156844,0,1,9.4711,9.4711,nan,0,0,0.168259,200,600
sbm-concentrated,1000,12,0.1,0.2,25,50,0.5,centralised,1,0,0,nan,nan,nan,nan,0,0,0.494868,200,600
sbm-concentrated,1000,8,0.1,0.05,25,50,0.5,one-hop,0.075,0.00506211,0,1,4.74667,4.74667,nan,0,0,0.041375,50,300
sbm-concentrated,1000,8,0.1,0.05,25,50,0.5,centralised,1,0,0,nan,nan,nan,nan,0,0,0.50267,50,300
sbm-concentrated,1000,8,0.1,0.1,25,50,0.5,one-hop,0.193,0.0100125,0,1,5.31088,5.31088,nan,0,0,0.0902575,100,300
sbm-concentrated,1000,8,0.1,0.1,25,50,0.5,centralised,1,0,0,nan,nan,nan,nan,0,0,0.480917,100,300
sbm-concentrated,1000,8,0.1,0.3,25,50,0.5,one-hop,0.238,0.0045,0,1,9.03782,9.03782,nan,0,0,0.126248,300,900
sbm-concentrated,1000,8,0.1,0.3,25,50,0.5,centralised,1,0,0,nan,nan,nan,nan,0,0,0.486223,300,900
sbm-concentrated,1000,8,0.1,0.5,25,50,0.5,one-hop,0.05,0.00467707,0,1,4.16,4.16,nan,0,0,0.021912,500,1500
sbm-concentrated,1000,8,0.1,0.5,25,50,0.5,centralised,1,0,0,nan,nan,nan,nan,0,0,0.50421,500,1500
ws,1000,8,0.1,0.2,25,50,0.25,one-hop,0.433,0.0122321,0,1,5.19169,5.19169,nan,0,0,0.107525,100,300
ws,1000,8,0.1,0.2,25,50,0.25,centralised,1,0,0,nan,nan,nan,nan,0,0,0.239813,100,300
ws,1000,8,0.1,0.2,25,50,1,one-hop,0.33,0.00987421,0,1,5.2697,5.2697,nan,0,0,0.355872,400,1200
ws,1000,8,0.1,0.2,25,50,1,centralised,0.956,0.016707,0,nan,nan,nan,nan,0,0,0.977694,400,1200
