annual_pd,pd_multiplier,effective_pd,rho_case,rho,secured_share,hurdle,s_star_bps
0.01,1,0.01,Basel,0.121609,0,0.15,222.061
0.01,1,0.01,Basel,0.121609,0.25,0.15,166.545
0.01,1,0.01,Basel,0.121609,0.5,0.15,111.03
0.01,1,0.01,0.15,0.15,0,0.15,250.397
0.01,1,0.01,0.15,0.15,0.25,0.15,187.798
0.01,1,0.01,0.15,0.15,0.5,0.15,125.199
0.01,0.75,0.0075,Basel,0.129986,0,0.15,181.928
0.01,0.75,0.0075,Basel,0.129986,0.25,0.15,136.446
0.01,0.75,0.0075,Basel,0.129986,0.5,0.15,90.9641
0.01,0.75,0.0075,0.15,0.15,0,0.15,198.903
0.01,0.75,0.0075,0.15,0.15,0.25,0.15,149.177
0.01,0.75,0.0075,0.15,0.15,0.5,0.15,99.4514
0.01,0.5,0.005,Basel,0.139129,0,0.15,136.297
0.01,0.5,0.005,Basel,0.139129,0.25,0.15,102.222
0.01,0.5,0.005,Basel,0.139129,0.5,0.15,68.1483
0.01,0.5,0.005,0.15,0.15,0,0.15,143.545
0.01,0.5,0.005,0.15,0.15,0.25,0.15,107.658
0.01,0.5,0.005,0.15,0.15,0.5,0.15,71.7723
0.01,0.25,0.0025,Basel,0.149108,0,0.15,81.4106
0.01,0.25,0.0025,Basel,0.149108,0.25,0.15,61.058
0.01,0.25,0.0025,Basel,0.149108,0.5,0.15,40.7053
0.01,0.25,0.0025,0.15,0.15,0,0.15,81.7933
0.01,0.25,0.0025,0.15,0.15,0.25,0.15,61.345
0.01,0.25,0.0025,0.15,0.15,0.5,0.15,40.8966
0.03,1,0.03,Basel,0.0754919,0,0.15,467.445
0.03,1,0.03,Basel,0.0754919,0.25,0.15,350.584
0.03,1,0.03,Basel,0.0754919,0.5,0.15,233.722
0.03,1,0.03,0.15,0.15,0,0.15,598.634
0.03,1,0.03,0.15,0.15,0.25,0.15,448.975
0.03,1,0.03,0.15,0.15,0.5,0.15,299.317
0.03,0.75,0.0225,Basel,0.0891475,0,0.15,383.941
0.03,0.75,0.0225,Basel,0.0891475,0.25,0.15,287.956
0.03,0.75,0.0225,Basel,0.0891475,0.5,0.15,191.97
0.03,0.75,0.0225,0.15,0.15,0,0.15,476.943
0.03,0.75,0.0225,0.15,0.15,0.25,0.15,357.707
0.03,0.75,0.0225,0.15,0.15,0.5,0.15,238.471
0.03,0.5,0.015,Basel,0.106902,0,0.15,292.323
0.03,0.5,0.015,Basel,0.106902,0.25,0.15,219.242
0.03,0.5,0.015,Basel,0.106902,0.5,0.15,146.161
0.03,0.5,0.015,0.15,0.15,0,0.15,345.851
0.03,0.5,0.015,0.15,0.15,0.25,0.15,259.388
0.03,0.5,0.015,0.15,0.15,0.5,0.15,172.925
0.03,0.25,0.0075,Basel,0.129986,0,0.15,181.928
0.03,0.25,0.0075,Basel,0.129986,0.25,0.15,136.446
0.03,0.25,0.0075,Basel,0.129986,0.5,0.15,90.9641
0.03,0.25,0.0075,0.15,0.15,0,0.15,198.903
0.03,0.25,0.0075,0.15,0.15,0.25,0.15,149.177
0.03,0.25,0.0075,0.15,0.15,0.5,0.15,99.4514
0.05,1,0.05,Basel,0.0525906,0,0.15,677.107
0.05,1,0.05,Basel,0.0525906,0.25,0.15,507.83
0.05,1,0.05,Basel,0.0525906,0.5,0.15,338.554
0.05,1,0.05,0.15,0.15,0,0.15,895.259
0.05,1,0.05,0.15,0.15,0.25,0.15,671.444
0.05,1,0.05,0.15,0.15,0.5,0.15,447.629
0.05,0.75,0.0375,Basel,0.064989,0,0.15,547.209
0.05,0.75,0.0375,Basel,0.064989,0.25,0.15,410.407
0.05,0.75,0.0375,Basel,0.064989,0.5,0.15,273.605
0.05,0.75,0.0375,0.15,0.15,0,0.15,713.787
0.05,0.75,0.0375,0.15,0.15,0.25,0.15,535.34
0.05,0.75,0.0375,0.15,0.15,0.5,0.15,356.893
0.05,0.5,0.025,Basel,0.0841921,0,0.15,412.391
0.05,0.5,0.025,Basel,0.0841921,0.25,0.15,309.294
0.05,0.5,0.025,Basel,0.0841921,0.5,0.15,206.196
0.05,0.5,0.025,0.15,0.15,0,0.15,518.371
0.05,0.5,0.025,0.15,0.15,0.25,0.15,388.778
0.05,0.5,0.025,0.15,0.15,0.5,0.15,259.185
0.05,0.25,0.0125,Basel,0.113934,0,0.15,258.504
0.05,0.25,0.0125,Basel,0.113934,0.25,0.15,193.878
0.05,0.25,0.0125,Basel,0.113934,0.5,0.15,129.252
0.05,0.25,0.0125,0.15,0.15,0,0.15,299.165
0.05,0.25,0.0125,0.15,0.15,0.25,0.15,224.374
0.05,0.25,0.0125,0.15,0.15,0.5,0.15,149.583
0.1,1,0.1,Basel,0.0339257,0,0.15,1201.45
0.1,1,0.1,Basel,0.0339257,0.25,0.15,901.086
0.1,1,0.1,Basel,0.0339257,0.5,0.15,600.724
0.1,1,0.1,0.15,0.15,0,0.15,1545.09
0.1,1,0.1,0.15,0.15,0.25,0.15,1158.82
0.1,1,0.1,0.15,0.15,0.5,0.15,772.547
0.1,0.75,0.075,Basel,0.0394172,0,0.15,937.013
0.1,0.75,0.075,Basel,0.0394172,0.25,0.15,702.76
0.1,0.75,0.075,Basel,0.0394172,0.5,0.15,468.507
0.1,0.75,0.075,0.15,0.15,0,0.15,1231.78
0.1,0.75,0.075,0.15,0.15,0.25,0.15,923.833
0.1,0.75,0.075,0.15,0.15,0.5,0.15,615.889
0.1,0.5,0.05,Basel,0.0525906,0,0.15,677.107
0.1,0.5,0.05,Basel,0.0525906,0.25,0.15,507.83
0.1,0.5,0.05,Basel,0.0525906,0.5,0.15,338.554
0.1,0.5,0.05,0.15,0.15,0,0.15,895.259
0.1,0.5,0.05,0.15,0.15,0.25,0.15,671.444
0.1,0.5,0.05,0.15,0.15,0.5,0.15,447.629
0.1,0.25,0.025,Basel,0.0841921,0,0.15,412.391
0.1,0.25,0.025,Basel,0.0841921,0.25,0.15,309.294
0.1,0.25,0.025,Basel,0.0841921,0.5,0.15,206.196
0.1,0.25,0.025,0.15,0.15,0,0.15,518.371
0.1,0.25,0.025,0.15,0.15,0.25,0.15,388.778
0.1,0.25,0.025,0.15,0.15,0.5,0.15,259.185
0.2,1,0.2,Basel,0.0301185,0,0.15,2267.41
0.2,1,0.2,Basel,0.0301185,0.25,0.15,1700.55
0.2,1,0.2,Basel,0.0301185,0.5,0.15,1133.7
0.2,1,0.2,0.15,0.15,0,0.15,2674.98
0.2,1,0.2,0.15,0.15,0.25,0.15,2006.24
0.2,1,0.2,0.15,0.15,0.5,0.15,1337.49
0.2,0.75,0.15,Basel,0.0306822,0,0.15,1736.27
0.2,0.75,0.15,Basel,0.0306822,0.25,0.15,1302.2
0.2,0.75,0.15,Basel,0.0306822,0.5,0.15,868.134
0.2,0.75,0.15,0.15,0.15,0,0.15,2128.59
0.2,0.75,0.15,0.15,0.15,0.25,0.15,1596.45
0.2,0.75,0.15,0.15,0.15,0.5,0.15,1064.3
0.2,0.5,0.1,Basel,0.0339257,0,0.15,1201.45
0.2,0.5,0.1,Basel,0.0339257,0.25,0.15,901.086
0.2,0.5,0.1,Basel,0.0339257,0.5,0.15,600.724
0.2,0.5,0.1,0.15,0.15,0,0.15,1545.09
0.2,0.5,0.1,0.15,0.15,0.25,0.15,1158.82
0.2,0.5,0.1,0.15,0.15,0.5,0.15,772.547
0.2,0.25,0.05,Basel,0.0525906,0,0.15,677.107
0.2,0.25,0.05,Basel,0.0525906,0.25,0.15,507.83
0.2,0.25,0.05,Basel,0.0525906,0.5,0.15,338.554
0.2,0.25,0.05,0.15,0.15,0,0.15,895.259
0.2,0.25,0.05,0.15,0.15,0.25,0.15,671.444
0.2,0.25,0.05,0.15,0.15,0.5,0.15,447.629
