annual_pd,loan_pd_30d,rho_case,rho,hurdle,el,ul0.999,s_star,s_star_bps,adequate_at_500bps,s_star_replenished_bps,s_star_ga_n500_bps,s_star_ga_n100_bps,s_pool_u85_bps,s_pool_u90_bps,s_pool_u85_fee10_bps
0.01,0.000825714,Basel,0.121609,0.1,0.01,0.0813737,0.0181374,181.374,yes,186.374,185.429,201.649,257.785,229.485,334.539
0.01,0.000825714,Basel,0.121609,0.15,0.01,0.0813737,0.0222061,222.061,yes,229.045,228.143,252.473,298.472,270.172,379.747
0.01,0.000825714,Basel,0.121609,0.25,0.01,0.0813737,0.0303434,303.434,yes,314.387,313.572,354.122,379.846,351.545,470.162
0.01,0.000825714,0.02,0.02,0.1,0.01,0.018163,0.0118163,118.163,yes,119.013,127.199,163.342,194.575,166.274,264.305
0.01,0.000825714,0.02,0.02,0.15,0.01,0.018163,0.0127245,127.245,yes,128.253,140.798,195.013,203.656,175.356,274.396
0.01,0.000825714,0.02,0.02,0.25,0.01,0.018163,0.0145408,145.408,yes,146.733,167.997,258.355,221.819,193.519,294.577
0.01,0.000825714,0.05,0.05,0.1,0.01,0.0366897,0.013669,136.69,yes,138.309,142.689,166.684,213.101,184.801,284.891
0.01,0.000825714,0.05,0.05,0.15,0.01,0.0366897,0.0155035,155.035,yes,157.137,164.033,200.026,231.446,203.146,305.274
0.01,0.000825714,0.05,0.05,0.25,0.01,0.0366897,0.0191724,191.724,yes,194.792,206.721,266.71,268.136,239.835,346.04
0.01,0.000825714,0.1,0.1,0.1,0.01,0.0674974,0.0167497,167.497,yes,171.211,171.92,189.609,243.909,215.608,319.121
0.01,0.000825714,0.1,0.1,0.15,0.01,0.0674974,0.0201246,201.246,yes,206.365,207.88,234.414,277.658,249.357,356.62
0.01,0.000825714,0.1,0.1,0.25,0.01,0.0674974,0.0268743,268.743,yes,276.673,279.799,324.023,345.155,316.855,431.617
0.01,0.000825714,0.15,0.15,0.1,0.01,0.100265,0.0200265,200.265,yes,207.374,203.955,218.715,276.677,248.376,355.529
0.01,0.000825714,0.15,0.15,0.15,0.01,0.100265,0.0250397,250.397,yes,260.449,255.932,278.073,326.809,298.508,411.232
0.01,0.000825714,0.15,0.15,0.25,0.01,0.100265,0.0350662,350.662,yes,366.598,359.887,396.788,427.074,398.773,522.637
0.01,0.000825714,0.2,0.2,0.1,0.01,0.135525,0.0235525,235.525,yes,247.726,238.755,251.672,311.937,283.636,394.708
0.01,0.000825714,0.2,0.2,0.15,0.01,0.135525,0.0303288,303.288,yes,320.773,308.132,327.508,379.7,351.399,470
0.01,0.000825714,0.2,0.2,0.25,0.01,0.135525,0.0438813,438.813,yes,466.866,446.887,479.18,515.225,486.924,620.583
0.01,0.000825714,0.3,0.3,0.1,0.01,0.214379,0.0314379,314.379,yes,343.98,317.012,327.542,390.791,362.491,482.324
0.01,0.000825714,0.3,0.3,0.15,0.01,0.214379,0.0421569,421.569,yes,464.568,425.518,441.313,497.981,469.68,601.423
0.01,0.000825714,0.3,0.3,0.25,0.01,0.214379,0.0635949,635.949,no,705.745,642.53,668.854,712.36,684.06,839.623
0.03,0.00250037,Basel,0.0754919,0.1,0.03,0.11163,0.041163,411.63,yes,427.34,417.355,440.256,488.042,459.741,590.38
0.03,0.00250037,Basel,0.0754919,0.15,0.03,0.11163,0.0467445,467.445,yes,487.914,476.033,510.384,543.857,515.556,652.396
0.03,0.00250037,Basel,0.0754919,0.25,0.03,0.11163,0.0579075,579.075,no,609.06,593.388,650.641,655.487,627.186,776.43
0.03,0.00250037,0.02,0.02,0.1,0.03,0.0423615,0.0342361,342.361,yes,349.094,352.759,394.351,418.773,390.473,513.415
0.03,0.00250037,0.02,0.02,0.15,0.03,0.0423615,0.0363542,363.542,yes,371.301,379.139,441.526,439.954,411.653,536.949
0.03,0.00250037,0.02,0.02,0.25,0.03,0.0423615,0.0405904,405.904,yes,415.715,431.898,535.877,482.315,454.015,584.017
0.03,0.00250037,0.05,0.05,0.1,0.03,0.0810988,0.0381099,381.099,yes,392.113,387.982,415.514,457.511,429.21,556.456
0.03,0.00250037,0.05,0.05,0.15,0.03,0.0810988,0.0421648,421.648,yes,435.441,431.973,473.27,498.06,469.759,601.511
0.03,0.00250037,0.05,0.05,0.25,0.03,0.0810988,0.0502747,502.747,no,522.096,519.954,588.784,579.159,550.858,691.621
0.03,0.00250037,0.1,0.1,0.1,0.03,0.140434,0.0440434,440.434,yes,461.701,445.477,465.651,516.845,488.545,622.384
0.03,0.00250037,0.1,0.1,0.15,0.03,0.140434,0.051065,510.65,no,539.065,518.216,548.476,587.062,558.762,700.402
0.03,0.00250037,0.1,0.1,0.25,0.03,0.140434,0.0651084,651.084,no,693.792,663.693,714.127,727.496,699.195,856.44
0.03,0.00250037,0.15,0.15,0.1,0.03,0.199089,0.0499089,499.089,yes,535.348,503.268,519.982,575.501,547.2,687.557
0.03,0.00250037,0.15,0.15,0.15,0.03,0.199089,0.0598634,598.634,no,648.618,604.902,629.974,675.045,646.745,798.162
0.03,0.00250037,0.15,0.15,0.25,0.03,0.199089,0.0797723,797.723,no,875.157,808.17,849.956,874.135,845.834,1019.37
0.03,0.00250037,0.2,0.2,0.1,0.03,0.258533,0.0558533,558.533,no,615.628,562.161,576.671,634.945,606.644,753.605
0.03,0.00250037,0.2,0.2,0.15,0.03,0.258533,0.06878,687.8,no,767.93,693.241,715.007,764.212,735.911,897.235
0.03,0.00250037,0.2,0.2,0.25,0.03,0.258533,0.0946333,946.333,no,1072.54,955.402,991.678,1022.74,994.444,1184.49
0.03,0.00250037,0.3,0.3,0.1,0.03,0.38101,0.068101,681.01,no,803.21,683.91,695.509,757.422,729.122,889.691
0.03,0.00250037,0.3,0.3,0.15,0.03,0.38101,0.0871516,871.516,no,1046.36,875.865,893.264,947.927,919.627,1101.36
0.03,0.00250037,0.3,0.3,0.25,0.03,0.38101,0.125253,1252.53,no,1532.67,1259.78,1288.77,1328.94,1300.64,1524.71
0.05,0.00420701,Basel,0.0525906,0.1,0.05,0.118071,0.0618071,618.071,no,646.083,625.243,653.932,694.483,666.183,819.759
0.05,0.00420701,Basel,0.0525906,0.15,0.05,0.118071,0.0677107,677.107,no,711.648,687.865,730.897,753.519,725.218,885.354
0.05,0.00420701,Basel,0.0525906,0.25,0.05,0.118071,0.0795179,795.179,no,842.776,813.109,884.829,871.59,843.29,1016.54
0.05,0.00420701,0.02,0.02,0.1,0.05,0.0612151,0.0561215,561.215,no,579.002,572.356,616.92,637.627,609.326,756.585
0.05,0.00420701,0.02,0.02,0.15,0.05,0.0612151,0.0591823,591.823,no,612.019,608.534,675.379,668.234,639.934,790.594
0.05,0.00420701,0.02,0.02,0.25,0.05,0.0612151,0.0653038,653.038,no,678.053,680.89,792.299,729.45,701.149,858.611
0.05,0.00420701,0.05,0.05,0.1,0.05,0.11388,0.061388,613.88,no,640.982,621.218,650.573,690.292,661.991,815.102
0.05,0.00420701,0.05,0.05,0.15,0.05,0.11388,0.067082,670.82,no,704.079,681.828,725.859,747.232,718.931,878.368
0.05,0.00420701,0.05,0.05,0.25,0.05,0.11388,0.07847,784.7,no,830.274,803.046,876.432,861.111,832.811,1004.9
0.05,0.00420701,0.1,0.1,0.1,0.05,0.190794,0.0690794,690.794,no,738.821,696.131,717.477,767.206,738.905,900.562
0.05,0.00420701,0.1,0.1,0.15,0.05,0.190794,0.0786191,786.191,no,849.101,794.196,826.216,862.603,834.302,1006.56
0.05,0.00420701,0.1,0.1,0.25,0.05,0.190794,0.0976985,976.985,no,1069.66,990.327,1043.69,1053.4,1025.1,1218.55
0.05,0.00420701,0.15,0.15,0.1,0.05,0.263506,0.0763506,763.506,no,840.525,767.894,785.445,839.918,811.617,981.353
0.05,0.00420701,0.15,0.15,0.15,0.05,0.263506,0.0895259,895.259,no,999.608,901.841,928.168,971.671,943.37,1127.75
0.05,0.00420701,0.15,0.15,0.25,0.05,0.263506,0.115876,1158.76,no,1317.77,1169.73,1213.61,1235.18,1206.88,1420.53
0.05,0.00420701,0.2,0.2,0.1,0.05,0.334422,0.0834422,834.422,no,950.123,838.201,853.316,910.834,882.534,1060.15
0.05,0.00420701,0.2,0.2,0.15,0.05,0.334422,0.100163,1001.63,no,1161.59,1007.3,1029.97,1078.05,1049.74,1245.94
0.05,0.00420701,0.2,0.2,0.25,0.05,0.334422,0.133606,1336.06,no,1584.51,1345.5,1383.29,1412.47,1384.17,1617.52
0.05,0.00420701,0.3,0.3,0.1,0.05,0.47275,0.097275,972.75,no,1203.39,975.716,987.582,1049.16,1020.86,1213.85
0.05,0.00420701,0.3,0.3,0.15,0.05,0.47275,0.120912,1209.12,no,1535.24,1213.57,1231.37,1285.54,1257.24,1476.48
0.05,0.00420701,0.3,0.3,0.25,0.05,0.47275,0.168187,1681.87,no,2198.95,1689.29,1718.96,1758.29,1729.99,2001.76
0.1,0.00862238,Basel,0.0339257,0.1,0.1,0.134298,0.11343,1134.3,no,1213.74,1143.83,1181.98,1210.71,1182.41,1393.34
0.1,0.00862238,Basel,0.0339257,0.15,0.1,0.134298,0.120145,1201.45,no,1293.01,1215.75,1272.96,1277.86,1249.56,1467.95
0.1,0.00862238,Basel,0.0339257,0.25,0.1,0.134298,0.133575,1335.75,no,1451.54,1359.58,1454.94,1412.16,1383.86,1617.18
0.1,0.00862238,0.02,0.02,0.1,0.1,0.0968017,0.10968,1096.8,no,1164.54,1109.01,1157.87,1173.21,1144.91,1351.68
0.1,0.00862238,0.02,0.02,0.15,0.1,0.0968017,0.11452,1145.2,no,1220.51,1163.52,1236.8,1221.61,1193.31,1405.46
0.1,0.00862238,0.02,0.02,0.25,0.1,0.0968017,0.1242,1242,no,1332.44,1272.54,1394.67,1318.42,1290.12,1513.02
0.1,0.00862238,0.05,0.05,0.1,0.1,0.172292,0.117229,1172.29,no,1266.23,1180.24,1212.01,1248.7,1220.4,1435.56
0.1,0.00862238,0.05,0.05,0.15,0.1,0.172292,0.125844,1258.44,no,1370.18,1270.35,1318.02,1334.85,1306.55,1531.28
0.1,0.00862238,0.05,0.05,0.25,0.1,0.172292,0.143073,1430.73,no,1578.09,1450.59,1530.04,1507.14,1478.84,1722.71
0.1,0.00862238,0.1,0.1,0.1,0.1,0.274182,0.127418,1274.18,no,1421.82,1279.86,1302.56,1350.59,1322.29,1548.77
0.1,0.00862238,0.1,0.1,0.15,0.1,0.274182,0.141127,1411.27,no,1598.27,1419.79,1453.84,1487.69,1459.38,1701.09
0.1,0.00862238,0.1,0.1,0.25,0.1,0.274182,0.168546,1685.46,no,1951.16,1699.64,1756.4,1761.87,1733.57,2005.74
0.1,0.00862238,0.15,0.15,0.1,0.1,0.363396,0.13634,1363.4,no,1579.84,1367.99,1386.34,1439.81,1411.51,1647.9
0.1,0.00862238,0.15,0.15,0.15,0.1,0.363396,0.154509,1545.09,no,1829.2,1551.98,1579.51,1621.51,1593.21,1849.78
0.1,0.00862238,0.15,0.15,0.25,0.1,0.363396,0.190849,1908.49,no,2327.93,1919.96,1965.85,1984.9,1956.6,2253.56
0.1,0.00862238,0.2,0.2,0.1,0.1,0.444706,0.144471,1444.71,no,1747.53,1448.59,1464.13,1521.12,1492.82,1738.24
0.1,0.00862238,0.2,0.2,0.15,0.1,0.444706,0.166706,1667.06,no,2073.72,1672.89,1696.2,1743.47,1715.17,1985.3
0.1,0.00862238,0.2,0.2,0.25,0.1,0.444706,0.211177,2111.77,no,2726.12,2121.48,2160.34,2188.18,2159.88,2479.42
0.1,0.00862238,0.3,0.3,0.1,0.1,0.588387,0.158839,1588.39,no,2128.94,1591.33,1603.1,1664.8,1636.5,1897.89
0.1,0.00862238,0.3,0.3,0.15,0.1,0.588387,0.188258,1882.58,no,2628.37,1886.99,1904.65,1958.99,1930.69,2224.77
0.1,0.00862238,0.3,0.3,0.25,0.1,0.588387,0.247097,2470.97,no,3627.22,2478.32,2507.75,2547.38,2519.08,2878.53
0.2,0.0181734,Basel,0.0301185,0.1,0.2,0.178271,0.217827,2178.27,no,2471.54,2189.07,2232.25,2254.68,2226.38,2553.31
0.2,0.0181734,Basel,0.0301185,0.15,0.2,0.178271,0.226741,2267.41,no,2593.17,2283.6,2348.37,2343.82,2315.52,2652.35
0.2,0.0181734,Basel,0.0301185,0.25,0.2,0.178271,0.244568,2445.68,no,2836.43,2472.66,2580.62,2522.09,2493.79,2850.43
0.2,0.0181734,0.02,0.02,0.1,0.2,0.141378,0.214138,2141.38,no,2410.66,2154.56,2207.31,2217.79,2189.49,2512.32
0.2,0.0181734,0.02,0.02,0.15,0.2,0.141378,0.221207,2212.07,no,2504.8,2231.85,2310.97,2288.48,2260.18,2590.87
0.2,0.0181734,0.02,0.02,0.25,0.2,0.141378,0.235345,2353.45,no,2693.08,2386.41,2518.28,2429.86,2401.56,2747.95
0.2,0.0181734,0.05,0.05,0.1,0.2,0.238593,0.223859,2238.59,no,2580.06,2246.98,2280.53,2315,2286.7,2620.34
0.2,0.0181734,0.05,0.05,0.15,0.2,0.238593,0.235789,2357.89,no,2749.96,2370.47,2420.79,2434.3,2406,2752.89
0.2,0.0181734,0.05,0.05,0.25,0.2,0.238593,0.259648,2596.48,no,3089.76,2617.45,2701.32,2672.89,2644.59,3017.99
0.2,0.0181734,0.1,0.1,0.1,0.2,0.356828,0.235683,2356.83,no,2832.78,2362.65,2385.92,2433.24,2404.94,2751.71
0.2,0.0181734,0.1,0.1,0.15,0.2,0.356828,0.253524,2535.24,no,3112.72,2543.97,2578.87,2611.65,2583.35,2949.95
0.2,0.0181734,0.1,0.1,0.25,0.2,0.356828,0.289207,2892.07,no,3672.61,2906.61,2964.79,2968.48,2940.18,3346.42
0.2,0.0181734,0.15,0.15,0.1,0.2,0.449989,0.244999,2449.99,no,3084.36,2454.57,2472.9,2526.4,2498.1,2855.22
0.2,0.0181734,0.15,0.15,0.15,0.2,0.449989,0.267498,2674.98,no,3471.77,2681.86,2709.35,2751.4,2723.09,3105.22
0.2,0.0181734,0.15,0.15,0.25,0.2,0.449989,0.312497,3124.97,no,4246.59,3136.43,3182.24,3201.38,3173.08,3605.2
0.2,0.0181734,0.2,0.2,0.1,0.2,0.52713,0.252713,2527.13,no,3347.63,2530.91,2546.04,2603.54,2575.24,2940.93
0.2,0.0181734,0.2,0.2,0.15,0.2,0.52713,0.279069,2790.69,no,3846,2796.37,2819.07,2867.11,2838.81,3233.78
0.2,0.0181734,0.2,0.2,0.25,0.2,0.52713,0.331782,3317.82,no,4842.76,3327.28,3365.11,3394.24,3365.94,3819.48
0.2,0.0181734,0.3,0.3,0.1,0.2,0.645448,0.264545,2645.45,no,3937.07,2648.17,2659.08,2721.86,2693.56,3072.4
0.2,0.0181734,0.3,0.3,0.15,0.2,0.645448,0.296817,2968.17,no,4680.01,2972.26,2988.61,3044.58,3016.28,3430.98
0.2,0.0181734,0.3,0.3,0.25,0.2,0.645448,0.361362,3613.62,no,6165.89,3620.43,3647.69,3690.03,3661.73,4148.15
