annual_pd,rho_case,rho,utilisation,apr,fee,reserve_policy,reserve_share,expected_apy,apy_p1,p_apy_below_0,p_apy_below_effr,p_lender_loss,foregone_interest_bound
0.01,Basel,0.121609,0.85,0.0933,0,none,0,0.070805,0.0342674,0.000899623,0.0207864,1,0.000130364
0.01,Basel,0.121609,0.85,0.0933,0,covers_EL,0.107181,0.0676766,0.0342674,0.000899623,0.0207864,0.337691,0.000130364
0.01,0.15,0.15,0.85,0.0933,0,none,0,0.070805,0.0274123,0.00210024,0.0285338,1,0.000130364
0.01,0.15,0.15,0.85,0.0933,0,covers_EL,0.107181,0.0673368,0.0274123,0.00210024,0.0285338,0.31961,0.000130364
0.03,Basel,0.0754919,0.85,0.0933,0,none,0,0.053805,-0.00424851,0.0130917,0.208298,1,0.000391093
0.03,Basel,0.0754919,0.85,0.0933,0,covers_EL,0.321543,0.047456,-0.00424851,0.0130917,0.208298,0.396101,0.000391093
0.03,0.15,0.15,0.85,0.0933,0,none,0,0.053805,-0.0430514,0.0434222,0.225912,1,0.000391093
0.03,0.15,0.15,0.85,0.0933,0,covers_EL,0.321543,0.0448416,-0.0430514,0.0434222,0.225912,0.352342,0.000391093
0.05,Basel,0.0525906,0.85,0.0933,0,none,0,0.036805,-0.0284501,0.0585613,0.557465,1,0.000651822
0.05,Basel,0.0525906,0.85,0.0933,0,covers_EL,0.535906,0.0287615,-0.0284501,0.0585613,1,0.424204,0.000651822
0.05,0.15,0.15,0.85,0.0933,0,none,0,0.036805,-0.0990942,0.134994,0.443073,1,0.000651822
0.05,0.15,0.15,0.85,0.0933,0,covers_EL,0.535906,0.023144,-0.0990942,0.134994,1,0.370149,0.000651822
0.1,Basel,0.0339257,0.85,0.0933,0,none,0,-0.005695,-0.0845079,0.535812,0.98751,1,0.00130364
0.1,Basel,0.0339257,0.85,0.0933,0,covers_EL,1,-0.0138109,-0.0845079,0.535812,1,0.535812,0.00130364
0.1,0.15,0.15,0.85,0.0933,0,none,0,-0.005695,-0.209597,0.434454,0.786652,1,0.00130364
0.1,0.15,0.15,0.85,0.0933,0,covers_EL,1,-0.0257795,-0.209597,0.434454,1,0.434454,0.00130364
0.2,Basel,0.0301185,0.85,0.0933,0,none,0,-0.090695,-0.199742,0.995916,1,1,0.00260729
0.2,Basel,0.0301185,0.85,0.0933,0,covers_EL,1,-0.0907246,-0.199742,0.995916,1,0.995916,0.00260729
0.2,0.15,0.15,0.85,0.0933,0,none,0,-0.090695,-0.367516,0.834188,0.973243,1,0.00260729
0.2,0.15,0.15,0.85,0.0933,0,covers_EL,1,-0.0947672,-0.367516,0.834188,1,0.834188,0.00260729
