rho_case,hurdle,max_annual_pd_loan_level,max_loan_pd_30d_loan_level,max_annual_pd_pool_u85,max_loan_pd_30d_pool_u85
Basel,0,0.05,0.00420701,0.0423588,0.00355111
Basel,0.1,0.0384877,0.00322066,0.0311363,0.00259646
Basel,0.15,0.0330329,0.00275708,0.0260011,0.00216301
Basel,0.25,0.0233097,0.00193667,0.0174938,0.00144952
0.02,0,0.05,0.00420701,0.0423588,0.00355111
0.02,0.1,0.0443725,0.0037235,0.0373823,0.00312653
0.02,0.15,0.0418971,0.00351164,0.0352115,0.00294194
0.02,0.25,0.0375246,0.00313863,0.0314046,0.00261916
0.05,0,0.05,0.00420701,0.0423588,0.00355111
0.05,0.1,0.0401315,0.00336084,0.0335977,0.00280497
0.05,0.15,0.0361844,0.00302462,0.0301518,0.0025132
0.05,0.25,0.0298124,0.00248451,0.0246613,0.00205026
0.1,0,0.05,0.00420701,0.0423588,0.00355111
0.1,0.1,0.034648,0.00289409,0.0287002,0.00239057
0.1,0.15,0.0292613,0.00243795,0.0240512,0.00199897
0.1,0.25,0.0215683,0.00179053,0.0175474,0.001454
0.15,0,0.05,0.00420701,0.0423588,0.00355111
0.15,0.1,0.0300659,0.00250593,0.0246269,0.00204737
0.15,0.15,0.0238843,0.00198494,0.0193683,0.00160624
0.15,0.25,0.0159972,0.00132459,0.0128324,0.00106098
0.2,0,0.05,0.00420701,0.0423588,0.00355111
0.2,0.1,0.0260526,0.00216735,0.0210896,0.00175039
0.2,0.15,0.0195013,0.00161737,0.0156086,0.00129218
0.2,0.25,0.0120059,0.000992262,0.00951992,0.000785899
0.3,0,0.05,0.00420701,0.0423588,0.00355111
0.3,0.1,0.0192813,0.00159896,0.0152287,0.00126051
0.3,0.15,0.0128767,0.00106467,0.0100706,0.000831569
0.3,0.25,0.00692853,0.000571287,0.00541197,0.000445928
