annual_pd,rho_case,rho,n_loans,scenarios,mc_mean,mc_mean_se,mc_sd,sd_exact_finite_n,sd_asrf,asrf_q0.99,asrf_ga_q0.99,mc_q0.99,mc_q0.99_ci_lo,mc_q0.99_ci_hi,asrf_q0.995,asrf_ga_q0.995,mc_q0.995,mc_q0.995_ci_lo,mc_q0.995_ci_hi,asrf_q0.999,asrf_ga_q0.999,mc_q0.999,mc_q0.999_ci_lo,mc_q0.999_ci_hi
0.01,Basel,0.121609,100,1000000,0.0100165,1.47635e-05,0.0147635,0.0147298,0.010916,0.0529854,0.0667943,0.07,0.07,0.07,0.0637864,0.0796083,0.08,0.08,0.08,0.0913737,0.111649,0.11,0.11,0.11
0.01,Basel,0.121609,500,1000000,0.00999352,1.17627e-05,0.0117627,0.011778,0.010916,0.0529854,0.0557472,0.056,0.056,0.056,0.0637864,0.0669508,0.066,0.066,0.068,0.0913737,0.0954287,0.094,0.094,0.096
0.01,Basel,0.121609,5000,1000000,0.00999261,1.10092e-05,0.0110092,0.0110053,0.010916,0.0529854,0.0532616,0.0534,0.0532,0.0538,0.0637864,0.0641028,0.0644,0.064,0.0646,0.0913737,0.0917792,0.0918,0.0908,0.0932
0.01,0.15,0.15,100,1000000,0.0100022,1.595e-05,0.01595,0.0159835,0.012572,0.0610502,0.0734749,0.07,0.07,0.07,0.0747621,0.0890576,0.09,0.09,0.09,0.110265,0.128715,0.13,0.13,0.13
0.01,0.15,0.15,500,1000000,0.0100054,1.33411e-05,0.0133411,0.0133243,0.012572,0.0610502,0.0635352,0.064,0.064,0.064,0.0747621,0.0776212,0.078,0.078,0.078,0.110265,0.113955,0.114,0.112,0.116
0.01,0.15,0.15,5000,1000000,0.00998301,1.26044e-05,0.0126044,0.0126492,0.012572,0.0610502,0.0612987,0.0612,0.061,0.0616,0.0747621,0.0750481,0.0752,0.0746,0.0758,0.110265,0.110634,0.11,0.1086,0.1114
0.03,Basel,0.0754919,100,1000000,0.0299976,2.61604e-05,0.0261604,0.0261789,0.0199579,0.0982982,0.118401,0.12,0.12,0.12,0.111229,0.13403,0.13,0.13,0.13,0.14163,0.170256,0.17,0.17,0.17
0.03,Basel,0.0754919,500,1000000,0.0299979,2.12895e-05,0.0212895,0.0213477,0.0199579,0.0982982,0.102319,0.102,0.102,0.102,0.111229,0.115789,0.116,0.114,0.116,0.14163,0.147355,0.146,0.146,0.148
0.03,Basel,0.0754919,5000,1000000,0.0299699,2.0084e-05,0.020084,0.0201012,0.0199579,0.0982982,0.0987003,0.0986,0.0982,0.099,0.111229,0.111685,0.1116,0.111,0.112,0.14163,0.142203,0.1422,0.1412,0.1434
0.03,0.15,0.15,100,1000000,0.0299914,3.43263e-05,0.0343263,0.0343179,0.0299279,0.143949,0.158319,0.16,0.16,0.16,0.169046,0.185485,0.18,0.18,0.19,0.229089,0.249982,0.25,0.25,0.25
0.03,0.15,0.15,500,1000000,0.0300178,3.08249e-05,0.0308249,0.0308559,0.0299279,0.143949,0.146823,0.146,0.146,0.146,0.169046,0.172334,0.172,0.17,0.172,0.229089,0.233268,0.232,0.23,0.234
0.03,0.15,0.15,5000,1000000,0.0300156,3.00662e-05,0.0300662,0.0300219,0.0299279,0.143949,0.144236,0.1444,0.1438,0.1452,0.169046,0.169375,0.1698,0.1686,0.1708,0.229089,0.229507,0.2302,0.2278,0.2326
0.05,Basel,0.0525906,100,1000000,0.050052,3.27237e-05,0.0327237,0.0326949,0.024494,0.126771,0.152368,0.15,0.15,0.15,0.139402,0.168273,0.17,0.17,0.17,0.168071,0.203932,0.2,0.2,0.2
0.05,Basel,0.0525906,500,1000000,0.0499842,2.63735e-05,0.0263735,0.0263392,0.024494,0.126771,0.13189,0.132,0.132,0.132,0.139402,0.145176,0.144,0.144,0.146,0.168071,0.175243,0.176,0.174,0.176
0.05,Basel,0.0525906,5000,1000000,0.0500221,2.46561e-05,0.0246561,0.0246847,0.024494,0.126771,0.127283,0.1272,0.1268,0.1276,0.139402,0.139979,0.1398,0.1392,0.1402,0.168071,0.168789,0.1684,0.1674,0.1694
0.05,0.15,0.15,100,1000000,0.0499806,4.89054e-05,0.0489054,0.0489146,0.0440115,0.209881,0.22524,0.22,0.22,0.23,0.24133,0.258807,0.26,0.26,0.26,0.313506,0.335445,0.33,0.33,0.34
0.05,0.15,0.15,500,1000000,0.0500581,4.51362e-05,0.0451362,0.0450348,0.0440115,0.209881,0.212953,0.212,0.212,0.214,0.24133,0.244826,0.244,0.244,0.246,0.313506,0.317894,0.318,0.316,0.322
0.05,0.15,0.15,5000,1000000,0.0499501,4.40641e-05,0.0440641,0.0441149,0.0440115,0.209881,0.210189,0.2094,0.2086,0.2104,0.24133,0.24168,0.2406,0.2392,0.2418,0.313506,0.313945,0.3144,0.3118,0.3174
0.1,Basel,0.0339257,100,1000000,0.100001,4.4303e-05,0.044303,0.0443098,0.0327734,0.192721,0.227392,0.22,0.22,0.22,0.205777,0.244636,0.24,0.24,0.24,0.234298,0.281976,0.28,0.27,0.28
0.1,Basel,0.0339257,500,1000000,0.0999288,3.53199e-05,0.0353199,0.0353829,0.0327734,0.192721,0.199655,0.2,0.198,0.2,0.205777,0.213549,0.212,0.212,0.214,0.234298,0.243834,0.242,0.242,0.244
0.1,Basel,0.0339257,5000,1000000,0.0999941,3.30406e-05,0.0330406,0.0330436,0.0327734,0.192721,0.193414,0.1934,0.193,0.1938,0.205777,0.206554,0.2066,0.2062,0.2072,0.234298,0.235252,0.2356,0.2344,0.2364
0.1,0.15,0.15,100,1000000,0.099982,7.77603e-05,0.0777603,0.0777592,0.0721005,0.339885,0.356505,0.36,0.36,0.36,0.379051,0.397761,0.4,0.4,0.4,0.463396,0.486341,0.49,0.49,0.49
0.1,0.15,0.15,500,1000000,0.100001,7.32638e-05,0.0732638,0.0732672,0.0721005,0.339885,0.343209,0.342,0.342,0.344,0.379051,0.382793,0.382,0.382,0.384,0.463396,0.467985,0.468,0.464,0.47
0.1,0.15,0.15,5000,1000000,0.0999311,7.22181e-05,0.0722181,0.072218,0.0721005,0.339885,0.340218,0.3402,0.3392,0.3412,0.379051,0.379426,0.3788,0.3772,0.3804,0.463396,0.463855,0.4632,0.4598,0.467
0.2,Basel,0.0301185,100,1000000,0.200046,6.29112e-05,0.0629112,0.0629445,0.0488454,0.328291,0.368206,0.36,0.36,0.36,0.34433,0.388819,0.38,0.38,0.38,0.378271,0.432246,0.43,0.43,0.43
0.2,Basel,0.0301185,500,1000000,0.199947,5.19304e-05,0.0519304,0.0519721,0.0488454,0.328291,0.336274,0.336,0.336,0.336,0.34433,0.353228,0.352,0.352,0.354,0.378271,0.389066,0.388,0.388,0.39
0.2,Basel,0.0301185,5000,1000000,0.2,4.92236e-05,0.0492236,0.049167,0.0488454,0.328291,0.329089,0.329,0.3286,0.3296,0.34433,0.34522,0.3454,0.3448,0.3462,0.378271,0.37935,0.3802,0.379,0.3814
0.2,0.15,0.15,100,1000000,0.199922,0.000117647,0.117647,0.11776,0.111317,0.525672,0.543069,0.54,0.54,0.54,0.56718,0.586461,0.59,0.58,0.59,0.649989,0.672897,0.67,0.67,0.68
0.2,0.15,0.15,500,1000000,0.199923,0.000112549,0.112549,0.112635,0.111317,0.525672,0.529152,0.53,0.528,0.53,0.56718,0.571036,0.572,0.57,0.574,0.649989,0.654571,0.654,0.652,0.658
0.2,0.15,0.15,5000,1000000,0.200101,0.000111473,0.111473,0.111449,0.111317,0.525672,0.52602,0.5262,0.525,0.5274,0.56718,0.567565,0.568,0.5664,0.5694,0.649989,0.650447,0.6496,0.6468,0.6526
