annual_pd,rho_case,rho,el,l95,l99,apr_deployed,apr_breakeven_h15,r_EL_deployed,r_EL_breakeven,p_lender_loss_EL,feasible_EL_deployed,r_L95-EL_deployed,r_L95-EL_breakeven,p_lender_loss_L95-EL,feasible_L95-EL_deployed,r_L99-EL_deployed,r_L99-EL_breakeven,p_lender_loss_L99-EL,feasible_L99-EL_deployed,r_L95_deployed,r_L95_breakeven,p_lender_loss_L95,feasible_L95_deployed,r_L99_deployed,r_L99_breakeven,p_lender_loss_L99,feasible_L99_deployed
0.01,Basel,0.121609,0.01,0.0307319,0.0529854,0.0933,0.0655061,0.107181,0.152658,0.337691,yes,0.222207,0.316488,0.116746,yes,0.460722,0.656205,0.019876,yes,0.329388,0.469146,0.05,yes,0.567904,0.808863,0.01,yes
0.01,0.02,0.02,0.01,0.0172155,0.0218149,0.0933,0.0560245,0.107181,0.178493,0.434343,yes,0.0773368,0.128792,0.750065,yes,0.126633,0.210888,0.271565,yes,0.184518,0.307286,0.05,yes,0.233814,0.389381,0.01,yes
0.01,0.05,0.05,0.01,0.0222459,0.0319353,0.0933,0.0588035,0.107181,0.170058,0.39611,yes,0.131253,0.208252,0.274532,yes,0.235105,0.373028,0.0527078,yes,0.238434,0.37831,0.05,yes,0.342286,0.543086,0.01,yes
0.01,0.1,0.1,0.01,0.0284615,0.046797,0.0933,0.0634246,0.107181,0.157668,0.352896,yes,0.197873,0.291078,0.136383,yes,0.394394,0.580169,0.0233412,yes,0.305054,0.448746,0.05,yes,0.501575,0.737837,0.01,yes
0.01,0.15,0.15,0.01,0.0334532,0.0610502,0.0933,0.0683397,0.107181,0.146328,0.31961,yes,0.251374,0.343186,0.100933,yes,0.547162,0.747007,0.0172103,yes,0.358556,0.489514,0.05,yes,0.654343,0.893335,0.01,yes
0.01,0.2,0.2,0.01,0.0376601,0.0752508,0.0933,0.0736288,0.107181,0.135816,0.291442,yes,0.296464,0.37567,0.0854735,yes,0.699365,0.886213,0.0147172,yes,0.403646,0.511487,0.05,yes,0.806547,1.02203,0.01,yes
0.01,0.3,0.3,0.01,0.0442178,0.104274,0.0933,0.0854569,0.107181,0.117018,0.243918,yes,0.36675,0.40041,0.0716018,yes,1.01044,1.10318,0.0125847,no,0.473932,0.517428,0.05,yes,1.11763,1.2202,0.01,no
0.03,Basel,0.0754919,0.03,0.0686329,0.0982982,0.0933,0.0900445,0.321543,0.333169,0.396101,yes,0.414072,0.429043,0.253839,yes,0.732028,0.758494,0.0509219,yes,0.735616,0.762211,0.05,yes,1.05357,1.09166,0.01,no
0.03,0.02,0.02,0.03,0.0479654,0.0584927,0.0933,0.0796542,0.321543,0.376628,0.446834,yes,0.192555,0.225543,0.916935,yes,0.305388,0.357705,0.509867,yes,0.514099,0.60217,0.05,yes,0.626932,0.734333,0.01,yes
0.03,0.05,0.05,0.03,0.0602954,0.0813644,0.0933,0.0854648,0.321543,0.351022,0.415673,yes,0.32471,0.354479,0.408337,yes,0.550529,0.601,0.0970646,yes,0.646253,0.7055,0.05,yes,0.872073,0.952022,0.01,yes
0.03,0.1,0.1,0.03,0.075751,0.1137,0.0933,0.094365,0.321543,0.317914,0.380103,yes,0.490365,0.48483,0.188075,yes,0.897111,0.886986,0.0354763,yes,0.811908,0.802745,0.05,yes,1.21865,1.2049,0.01,no
0.03,0.15,0.15,0.03,0.0886636,0.143949,0.0933,0.103163,0.321543,0.290801,0.352342,yes,0.628763,0.568648,0.129629,yes,1.22131,1.10455,0.0235263,no,0.950307,0.859449,0.05,yes,1.54286,1.39535,0.01,no
0.03,0.2,0.2,0.03,0.100209,0.173707,0.0933,0.11208,0.321543,0.267666,0.328523,yes,0.752503,0.626414,0.104358,yes,1.54027,1.28218,0.0188566,no,1.07405,0.89408,0.05,no,1.86181,1.54985,0.01,no
0.03,0.3,0.3,0.03,0.120765,0.234218,0.0933,0.130452,0.321543,0.22997,0.287438,yes,0.972834,0.695779,0.0818123,yes,2.18883,1.56547,0.0149612,no,1.29438,0.925749,0.05,no,2.51038,1.79544,0.01,no
0.05,Basel,0.0525906,0.05,0.0963978,0.126771,0.0933,0.111011,0.535906,0.450407,0.424204,yes,0.497297,0.417958,0.484666,yes,0.822837,0.691561,0.132374,yes,1.0332,0.868365,0.05,no,1.35874,1.14197,0.01,no
0.05,0.02,0.02,0.05,0.0768514,0.0918881,0.0933,0.102482,0.535906,0.487889,0.453471,yes,0.287796,0.26201,0.969515,yes,0.448961,0.408735,0.682042,yes,0.823702,0.749899,0.05,yes,0.984867,0.896624,0.01,yes
0.05,0.05,0.05,0.05,0.0950592,0.124274,0.0933,0.110382,0.535906,0.452972,0.426121,yes,0.48295,0.408212,0.5125,yes,0.796077,0.672881,0.144846,yes,1.01886,0.861184,0.05,no,1.33198,1.12585,0.01,no
0.05,0.1,0.1,0.05,0.117901,0.168936,0.0933,0.121919,0.535906,0.410108,0.394764,yes,0.727774,0.556938,0.233715,yes,1.27477,0.975531,0.0484054,no,1.26368,0.967046,0.05,no,1.81067,1.38564,0.01,no
0.05,0.15,0.15,0.05,0.137171,0.209881,0.0933,0.132826,0.535906,0.376433,0.370149,yes,0.93431,0.656281,0.155436,yes,1.71363,1.20369,0.030153,no,1.47022,1.03271,0.05,no,2.24953,1.58012,0.01,no
0.05,0.2,0.2,0.05,0.154678,0.249575,0.0933,0.143463,0.535906,0.348521,0.348898,yes,1.12195,0.729648,0.12154,no,2.13907,1.39112,0.0232007,no,1.65785,1.07817,0.05,no,2.67497,1.73964,0.01,no
0.05,0.3,0.3,0.05,0.186957,0.328874,0.0933,0.164212,0.535906,0.304484,0.311882,yes,1.46792,0.834022,0.0914595,no,2.98901,1.69825,0.0175302,no,2.00382,1.13851,0.05,no,3.52491,2.00274,0.01,no
0.1,Basel,0.0339257,0.1,0.159717,0.192721,0.0933,0.163445,1.07181,0.611828,0.452621,no,0.640054,0.365365,0.911757,yes,0.993795,0.567293,0.543182,yes,1.71187,0.977193,0.05,no,2.06561,1.17912,0.01,no
0.1,0.02,0.02,0.1,0.144667,0.167968,0.0933,0.15782,1.07181,0.633632,0.463716,no,0.478747,0.283025,0.997676,yes,0.728486,0.430666,0.915551,yes,1.55056,0.916657,0.05,no,1.8003,1.0643,0.01,no
0.1,0.05,0.05,0.1,0.174254,0.217359,0.0933,0.169144,1.07181,0.591213,0.442308,no,0.795858,0.438997,0.714497,yes,1.25787,0.693842,0.290602,no,1.86767,1.03021,0.05,no,2.32968,1.28506,0.01,no
0.1,0.1,0.1,0.1,0.211106,0.282502,0.0933,0.184427,1.07181,0.542219,0.417627,no,1.19085,0.602438,0.348039,no,1.95608,0.989561,0.0909367,no,2.26266,1.14466,0.05,no,3.02789,1.53178,0.01,no
0.1,0.15,0.15,0.1,0.242257,0.339885,0.0933,0.197809,1.07181,0.505537,0.398107,no,1.52473,0.719161,0.223244,no,2.57112,1.21271,0.0518965,no,2.59654,1.2247,0.05,no,3.64293,1.71825,0.01,no
0.1,0.2,0.2,0.1,0.270801,0.393717,0.0933,0.210006,1.07181,0.476177,0.381123,no,1.83067,0.813316,0.167616,no,3.14809,1.39861,0.0374955,no,2.90248,1.28949,0.05,no,4.2199,1.87479,0.01,no
0.1,0.3,0.3,0.1,0.324577,0.496491,0.0933,0.231558,1.07181,0.431857,0.351164,no,2.40704,0.969852,0.118264,no,4.24964,1.71228,0.0262568,no,3.47885,1.40171,0.05,no,5.32145,2.14413,0.01,no
0.2,Basel,0.0301185,0.2,0.286128,0.328291,0.0933,0.270041,2.14362,0.740629,0.470669,no,0.923132,0.318946,0.998112,yes,1.37504,0.47508,0.943908,no,3.06676,1.05957,0.05,no,3.51866,1.21571,0.01,no
0.2,0.02,0.02,0.2,0.269216,0.302288,0.0933,0.264507,2.14362,0.756124,0.476153,no,0.741862,0.261678,0.999995,yes,1.09634,0.386713,0.998301,no,2.88548,1.0178,0.05,no,3.23996,1.14284,0.01,no
0.2,0.05,0.05,0.2,0.313438,0.370781,0.0933,0.279089,2.14362,0.716617,0.462037,no,1.21584,0.406457,0.933665,no,1.83046,0.611925,0.648704,no,3.35946,1.12307,0.05,no,3.97408,1.32854,0.01,no
0.2,0.1,0.1,0.2,0.367357,0.455532,0.0933,0.296824,2.14362,0.6738,0.445683,no,1.79375,0.563825,0.591944,no,2.73882,0.860886,0.245131,no,3.93737,1.23762,0.05,no,4.88244,1.53469,0.01,no
0.2,0.15,0.15,0.2,0.4122,0.525672,0.0933,0.310798,2.14362,0.643504,0.432663,no,2.27438,0.682757,0.393001,no,3.49059,1.04786,0.136248,no,4.41801,1.32626,0.05,no,5.63421,1.69136,0.01,no
0.2,0.2,0.2,0.2,0.452822,0.587926,0.0933,0.322369,2.14362,0.620406,0.421257,no,2.70978,0.784262,0.290936,no,4.15783,1.20336,0.0946818,no,4.8534,1.40467,0.05,no,6.30146,1.82376,0.01,no
0.2,0.3,0.3,0.2,0.528253,0.69743,0.0933,0.340117,2.14362,0.588033,0.400913,no,3.51826,0.965118,0.195659,no,5.33151,1.46252,0.0634126,no,5.66188,1.55315,0.05,no,7.47513,2.05056,0.01,no
