annual_pd,rho,apr,policy,reserve_share,cap_per_deposit,year,p_lender_loss,mean_lender_loss,mean_balance_over_cap,p_balance_at_cap
0.03,0.0754919,0.1033,covers_EL,0.290416,0.0580535,1,0.395705,0.00632427,0.109304,0
0.03,0.0754919,0.1033,covers_EL,0.290416,0.0580535,2,0.290885,0.00463725,0.189184,0
0.03,0.0754919,0.1033,covers_EL,0.290416,0.0580535,3,0.23913,0.00381007,0.254502,0.000615
0.03,0.0754919,0.1033,covers_EL,0.290416,0.0580535,4,0.20788,0.00327053,0.311012,0.012205
0.03,0.0754919,0.1033,covers_EL,0.290416,0.0580535,5,0.18894,0.00299448,0.357951,0.03522
0.03,0.0754919,0.1033,covers_EL,0.290416,0.0580535,6,0.172495,0.00272913,0.39684,0.06215
0.03,0.0754919,0.1033,covers_EL,0.290416,0.0580535,7,0.160145,0.00254935,0.428748,0.086575
0.03,0.0754919,0.1033,covers_EL,0.290416,0.0580535,8,0.15105,0.0023947,0.453239,0.106605
0.03,0.0754919,0.1033,covers_EL,0.290416,0.0580535,9,0.142615,0.00225895,0.473976,0.12463
0.03,0.0754919,0.1033,covers_EL,0.290416,0.0580535,10,0.137085,0.00219764,0.489884,0.13919
0.03,0.0754919,0.1033,recommended,0.55,0.0580535,1,0.09505,0.00146161,0.418159,0
0.03,0.0754919,0.1033,recommended,0.55,0.0580535,2,0.0291,0.000470439,0.758924,0.34516
0.03,0.0754919,0.1033,recommended,0.55,0.0580535,3,0.011905,0.000186571,0.898186,0.69436
0.03,0.0754919,0.1033,recommended,0.55,0.0580535,4,0.006125,9.54857e-05,0.944257,0.81896
0.03,0.0754919,0.1033,recommended,0.55,0.0580535,5,0.00435,6.87553e-05,0.958083,0.85677
0.03,0.0754919,0.1033,recommended,0.55,0.0580535,6,0.003795,5.96116e-05,0.962713,0.87026
0.03,0.0754919,0.1033,recommended,0.55,0.0580535,7,0.00377,6.04053e-05,0.964387,0.874075
0.03,0.0754919,0.1033,recommended,0.55,0.0580535,8,0.00359,5.95469e-05,0.964692,0.87472
0.03,0.0754919,0.1033,recommended,0.55,0.0580535,9,0.003555,5.69912e-05,0.96498,0.87581
0.03,0.0754919,0.1033,recommended,0.55,0.0580535,10,0.00378,6.51781e-05,0.964489,0.87454
0.05,0.0525906,0.1233,covers_EL,0.405515,0.0652551,1,0.42411,0.00800774,0.1236,0
0.05,0.0525906,0.1233,covers_EL,0.405515,0.0652551,2,0.313535,0.00574242,0.211662,0.00019
0.05,0.0525906,0.1233,covers_EL,0.405515,0.0652551,3,0.26064,0.00474362,0.28263,0.012005
0.05,0.0525906,0.1233,covers_EL,0.405515,0.0652551,4,0.22551,0.00410993,0.340904,0.039545
0.05,0.0525906,0.1233,covers_EL,0.405515,0.0652551,5,0.201875,0.00369031,0.386786,0.06894
0.05,0.0525906,0.1233,covers_EL,0.405515,0.0652551,6,0.187525,0.00341512,0.422405,0.096635
0.05,0.0525906,0.1233,covers_EL,0.405515,0.0652551,7,0.17472,0.0031992,0.449965,0.119265
0.05,0.0525906,0.1233,covers_EL,0.405515,0.0652551,8,0.16416,0.0029787,0.472304,0.137455
0.05,0.0525906,0.1233,covers_EL,0.405515,0.0652551,9,0.156365,0.00281571,0.488816,0.150635
0.05,0.0525906,0.1233,covers_EL,0.405515,0.0652551,10,0.151965,0.00273593,0.501693,0.16206
0.05,0.0525906,0.1233,recommended,0.65,0.0652551,1,0.11148,0.00186861,0.422184,1e-05
0.05,0.0525906,0.1233,recommended,0.65,0.0652551,2,0.03456,0.000553045,0.743838,0.35363
0.05,0.0525906,0.1233,recommended,0.65,0.0652551,3,0.01353,0.000206998,0.882625,0.662385
0.05,0.0525906,0.1233,recommended,0.65,0.0652551,4,0.006925,0.000103267,0.933323,0.787875
0.05,0.0525906,0.1233,recommended,0.65,0.0652551,5,0.00467,7.09215e-05,0.950478,0.832235
0.05,0.0525906,0.1233,recommended,0.65,0.0652551,6,0.003935,6.26789e-05,0.956012,0.845105
0.05,0.0525906,0.1233,recommended,0.65,0.0652551,7,0.00345,5.42105e-05,0.958055,0.850775
0.05,0.0525906,0.1233,recommended,0.65,0.0652551,8,0.003705,5.37695e-05,0.959272,0.8536
0.05,0.0525906,0.1233,recommended,0.65,0.0652551,9,0.00343,5.51727e-05,0.959867,0.85447
0.05,0.0525906,0.1233,recommended,0.65,0.0652551,10,0.003255,5.0406e-05,0.959833,0.854645
0.1,0.0339257,0.1833,covers_EL,0.545554,0.0788129,1,0.453685,0.0110487,0.139735,0
0.1,0.0339257,0.1833,covers_EL,0.545554,0.0788129,2,0.33357,0.00775589,0.238482,0.00816
0.1,0.0339257,0.1833,covers_EL,0.545554,0.0788129,3,0.2776,0.00635544,0.312859,0.03864
0.1,0.0339257,0.1833,covers_EL,0.545554,0.0788129,4,0.24306,0.00551308,0.369041,0.075165
0.1,0.0339257,0.1833,covers_EL,0.545554,0.0788129,5,0.2201,0.00501068,0.410116,0.10463
0.1,0.0339257,0.1833,covers_EL,0.545554,0.0788129,6,0.20363,0.00459698,0.441798,0.12954
0.1,0.0339257,0.1833,covers_EL,0.545554,0.0788129,7,0.19059,0.00431284,0.465813,0.14736
0.1,0.0339257,0.1833,covers_EL,0.545554,0.0788129,8,0.18167,0.00406141,0.482051,0.161635
0.1,0.0339257,0.1833,covers_EL,0.545554,0.0788129,9,0.17407,0.00389526,0.494362,0.17092
0.1,0.0339257,0.1833,covers_EL,0.545554,0.0788129,10,0.16866,0.00376065,0.503945,0.179465
0.1,0.0339257,0.1833,recommended,0.75,0.0788129,1,0.129735,0.00246402,0.433907,0.01765
0.1,0.0339257,0.1833,recommended,0.75,0.0788129,2,0.040285,0.000719098,0.737898,0.37985
0.1,0.0339257,0.1833,recommended,0.75,0.0788129,3,0.016505,0.000285853,0.872779,0.649745
0.1,0.0339257,0.1833,recommended,0.75,0.0788129,4,0.007305,0.000123565,0.924998,0.76576
0.1,0.0339257,0.1833,recommended,0.75,0.0788129,5,0.004855,8.25476e-05,0.943735,0.8095
0.1,0.0339257,0.1833,recommended,0.75,0.0788129,6,0.00358,6.03631e-05,0.951042,0.82639
0.1,0.0339257,0.1833,recommended,0.75,0.0788129,7,0.003255,4.91704e-05,0.953687,0.83212
0.1,0.0339257,0.1833,recommended,0.75,0.0788129,8,0.00309,4.61461e-05,0.954886,0.834265
0.1,0.0339257,0.1833,recommended,0.75,0.0788129,9,0.003035,5.15576e-05,0.955169,0.83587
0.1,0.0339257,0.1833,recommended,0.75,0.0788129,10,0.002735,4.45949e-05,0.955424,0.83563
