annual_pd,rho,hurdle,secured_share,lgd_effective,s_star_bps,min_secured_share_for_500bps
0.01,0.121609,0.15,0,1,222.061,0
0.01,0.121609,0.15,0.1,0.9,199.855,0
0.01,0.121609,0.15,0.2,0.8,177.648,0
0.01,0.121609,0.15,0.3,0.7,155.442,0
0.01,0.121609,0.15,0.4,0.6,133.236,0
0.01,0.121609,0.15,0.5,0.5,111.03,0
0.01,0.121609,0.15,0.6,0.4,88.8242,0
0.01,0.121609,0.15,0.7,0.3,66.6182,0
0.01,0.121609,0.15,0.8,0.2,44.4121,0
0.01,0.121609,0.15,0.9,0.1,22.2061,0
0.01,0.121609,0.15,1,0,0,0
0.03,0.0754919,0.15,0,1,467.445,0
0.03,0.0754919,0.15,0.1,0.9,420.7,0
0.03,0.0754919,0.15,0.2,0.8,373.956,0
0.03,0.0754919,0.15,0.3,0.7,327.211,0
0.03,0.0754919,0.15,0.4,0.6,280.467,0
0.03,0.0754919,0.15,0.5,0.5,233.722,0
0.03,0.0754919,0.15,0.6,0.4,186.978,0
0.03,0.0754919,0.15,0.7,0.3,140.233,0
0.03,0.0754919,0.15,0.8,0.2,93.489,0
0.03,0.0754919,0.15,0.9,0.1,46.7445,0
0.03,0.0754919,0.15,1,0,0,0
0.05,0.0525906,0.15,0,1,677.107,0.261564
0.05,0.0525906,0.15,0.1,0.9,609.396,0.261564
0.05,0.0525906,0.15,0.2,0.8,541.686,0.261564
0.05,0.0525906,0.15,0.3,0.7,473.975,0.261564
0.05,0.0525906,0.15,0.4,0.6,406.264,0.261564
0.05,0.0525906,0.15,0.5,0.5,338.554,0.261564
0.05,0.0525906,0.15,0.6,0.4,270.843,0.261564
0.05,0.0525906,0.15,0.7,0.3,203.132,0.261564
0.05,0.0525906,0.15,0.8,0.2,135.421,0.261564
0.05,0.0525906,0.15,0.9,0.1,67.7107,0.261564
0.05,0.0525906,0.15,1,0,0,0.261564
0.1,0.0339257,0.15,0,1,1201.45,0.583835
0.1,0.0339257,0.15,0.1,0.9,1081.3,0.583835
0.1,0.0339257,0.15,0.2,0.8,961.158,0.583835
0.1,0.0339257,0.15,0.3,0.7,841.013,0.583835
0.1,0.0339257,0.15,0.4,0.6,720.868,0.583835
0.1,0.0339257,0.15,0.5,0.5,600.724,0.583835
0.1,0.0339257,0.15,0.6,0.4,480.579,0.583835
0.1,0.0339257,0.15,0.7,0.3,360.434,0.583835
0.1,0.0339257,0.15,0.8,0.2,240.289,0.583835
0.1,0.0339257,0.15,0.9,0.1,120.145,0.583835
0.1,0.0339257,0.15,1,0,0,0.583835
0.2,0.0301185,0.15,0,1,2267.41,0.779484
0.2,0.0301185,0.15,0.1,0.9,2040.67,0.779484
0.2,0.0301185,0.15,0.2,0.8,1813.93,0.779484
0.2,0.0301185,0.15,0.3,0.7,1587.18,0.779484
0.2,0.0301185,0.15,0.4,0.6,1360.44,0.779484
0.2,0.0301185,0.15,0.5,0.5,1133.7,0.779484
0.2,0.0301185,0.15,0.6,0.4,906.963,0.779484
0.2,0.0301185,0.15,0.7,0.3,680.222,0.779484
0.2,0.0301185,0.15,0.8,0.2,453.481,0.779484
0.2,0.0301185,0.15,0.9,0.1,226.741,0.779484
0.2,0.0301185,0.15,1,0,0,0.779484
