annual_pd,rho_case,rho,el,sd,q0.99,q0.995,q0.999,ul0.99,ul0.995,ul0.999,es0.999,el_replenished,q0.999_replenished
0.01,Basel,0.121609,0.01,0.010916,0.0529854,0.0637864,0.0913737,0.0429854,0.0537864,0.0813737,0.11057,0.0101032,0.0954451
0.01,0.02,0.02,0.01,0.00387223,0.0218149,0.0237401,0.028163,0.0118149,0.0137401,0.018163,0.0309071,0.0100532,0.0285337
0.01,0.05,0.05,0.01,0.00637307,0.0319353,0.0362594,0.0466897,0.0219353,0.0262594,0.0366897,0.0535514,0.0100653,0.047721
0.01,0.1,0.1,0.01,0.00962565,0.046797,0.0555155,0.0774974,0.036797,0.0455155,0.0674974,0.0926318,0.0100903,0.0803982
0.01,0.15,0.15,0.01,0.012572,0.0610502,0.0747621,0.110265,0.0510502,0.0647621,0.100265,0.135184,0.0101224,0.116272
0.01,0.2,0.2,0.01,0.0154569,0.0752508,0.0945879,0.145525,0.0652508,0.0845879,0.135525,0.181436,0.0101633,0.156256
0.01,0.3,0.3,0.01,0.0213618,0.104274,0.136925,0.224379,0.0942745,0.126925,0.214379,0.284637,0.0102803,0.251457
0.03,Basel,0.0754919,0.03,0.0199579,0.0982982,0.111229,0.14163,0.0682982,0.0812289,0.11163,0.160798,0.0306194,0.151766
0.03,0.02,0.02,0.03,0.00979333,0.0584927,0.062772,0.0723615,0.0284927,0.032772,0.0423615,0.0781128,0.030468,0.0748818
0.03,0.05,0.05,0.03,0.0158927,0.0813644,0.0903313,0.111099,0.0513644,0.0603313,0.0810988,0.124022,0.0305458,0.117201
0.03,0.1,0.1,0.03,0.023449,0.1137,0.130523,0.170434,0.0837004,0.100523,0.140434,0.195719,0.0306974,0.185425
0.03,0.15,0.15,0.03,0.0299279,0.143949,0.169046,0.229089,0.113949,0.139046,0.199089,0.26694,0.0308809,0.25742
0.03,0.2,0.2,0.03,0.0359727,0.173707,0.207571,0.288533,0.143707,0.177571,0.258533,0.338601,0.0311022,0.335708
0.03,0.3,0.3,0.03,0.0476,0.234218,0.287159,0.41101,0.204218,0.257159,0.38101,0.482294,0.0316904,0.517997
0.05,Basel,0.0525906,0.05,0.024494,0.126771,0.139402,0.168071,0.0767707,0.0894019,0.118071,0.185415,0.0514954,0.182624
0.05,0.02,0.02,0.05,0.014783,0.0918881,0.0979057,0.111215,0.0418881,0.0479057,0.0612151,0.119056,0.0512968,0.117331
0.05,0.05,0.05,0.05,0.0238426,0.124274,0.136398,0.16388,0.074274,0.0863976,0.11388,0.180488,0.0514788,0.177673
0.05,0.1,0.1,0.05,0.0348251,0.168936,0.190728,0.240794,0.118936,0.140728,0.190794,0.271162,0.051826,0.272387
0.05,0.15,0.15,0.05,0.0440115,0.209881,0.24133,0.313506,0.159881,0.19133,0.263506,0.35652,0.0522358,0.370402
0.05,0.2,0.2,0.05,0.052397,0.249575,0.290787,0.384422,0.199575,0.240787,0.334422,0.438506,0.0527195,0.475647
0.05,0.3,0.3,0.05,0.0680781,0.328874,0.389854,0.52275,0.278874,0.339854,0.47275,0.592416,0.0539679,0.717676
0.1,Basel,0.0339257,0.1,0.0327734,0.192721,0.205777,0.234298,0.0927211,0.105777,0.134298,0.250759,0.10552,0.264055
0.1,0.02,0.02,0.1,0.0250225,0.167968,0.177071,0.196802,0.0679678,0.0770705,0.0968017,0.208111,0.105261,0.217192
0.1,0.05,0.05,0.1,0.0400438,0.217359,0.234561,0.272292,0.117359,0.134561,0.172292,0.294095,0.105832,0.313739
0.1,0.1,0.1,0.1,0.0577533,0.282502,0.311266,0.374182,0.182502,0.211266,0.274182,0.409888,0.106893,0.459783
0.1,0.15,0.15,0.1,0.0721005,0.339885,0.379051,0.463396,0.239885,0.279051,0.363396,0.509543,0.108111,0.606839
0.1,0.2,0.2,0.1,0.0848307,0.393717,0.442394,0.544706,0.293717,0.342394,0.444706,0.597971,0.109513,0.761911
0.1,0.3,0.3,0.1,0.10778,0.496491,0.561404,0.688387,0.396491,0.461404,0.588387,0.746153,0.113008,1.11187
0.2,Basel,0.0301185,0.2,0.0488454,0.328291,0.34433,0.378271,0.128291,0.14433,0.178271,0.397051,0.222828,0.466088
0.2,0.02,0.02,0.2,0.0397327,0.302288,0.314835,0.341378,0.102288,0.114835,0.141378,0.356097,0.222238,0.410521
0.2,0.05,0.05,0.2,0.0631549,0.370781,0.3926,0.438593,0.170781,0.1926,0.238593,0.463778,0.224026,0.563827
0.2,0.1,0.1,0.2,0.0900988,0.455532,0.488617,0.556828,0.255532,0.288617,0.356828,0.592574,0.227289,0.787177
0.2,0.15,0.15,0.2,0.111317,0.525672,0.56718,0.649989,0.325672,0.36718,0.449989,0.690892,0.230954,1.00578
0.2,0.2,0.2,0.2,0.129672,0.587926,0.635687,0.72713,0.387926,0.435687,0.52713,0.769187,0.235087,1.23184
0.2,0.3,0.3,0.2,0.161696,0.69743,0.751857,0.845448,0.49743,0.551857,0.645448,0.881405,0.245119,1.731
