mechanism,protocol_fee_pct,reserve_pct,lender_share_pct,interest_per_account,profit_per_account,closed_form,honest_lender_loss_per_account,accounting_residual
M1 hermes_history,10.0,30.0,0.0,9.33,15.67,15.67,16.603,0.0
M1 hermes_history,10.0,30.0,10.0,9.33,16.2298,16.2298,17.1628,0.0
M1 hermes_history,10.0,30.0,25.0,9.33,17.0695,17.0695,18.0025,0.0
M1 hermes_history,10.0,30.0,50.0,9.33,18.469,18.469,19.402,0.0
M1 hermes_history,10.0,30.0,75.0,9.33,19.8685,19.8685,20.8015,0.0
M1 hermes_history,10.0,30.0,90.0,9.33,20.7082,20.7082,21.6412,0.0
M1 hermes_history,0.0,30.0,0.0,9.33,15.67,15.67,15.67,0.0
M1 hermes_history,0.0,30.0,10.0,9.33,16.3231,16.3231,16.3231,0.0
M1 hermes_history,0.0,30.0,25.0,9.33,17.30275,17.30275,17.30275,0.0
M1 hermes_history,0.0,30.0,50.0,9.33,18.9355,18.9355,18.9355,0.0
M1 hermes_history,0.0,30.0,75.0,9.33,20.56825,20.56825,20.56825,0.0
M1 hermes_history,0.0,30.0,90.0,9.33,21.5479,21.5479,21.5479,0.0
M1 hermes_history,10.0,0.0,0.0,9.33,15.67,15.67,16.603,0.0
M1 hermes_history,10.0,0.0,10.0,9.33,16.5097,16.5097,17.4427,0.0
M1 hermes_history,10.0,0.0,25.0,9.33,17.76925,17.76925,18.70225,0.0
M1 hermes_history,10.0,0.0,50.0,9.33,19.8685,19.8685,20.8015,0.0
M1 hermes_history,10.0,0.0,75.0,9.33,21.96775,21.96775,22.90075,0.0
M1 hermes_history,10.0,0.0,90.0,9.33,23.2273,23.2273,24.1603,0.0
M1 hermes_history,0.0,0.0,0.0,9.33,15.67,15.67,15.67,0.0
M1 hermes_history,0.0,0.0,10.0,9.33,16.603,16.603,16.603,0.0
M1 hermes_history,0.0,0.0,25.0,9.33,18.0025,18.0025,18.0025,0.0
M1 hermes_history,0.0,0.0,50.0,9.33,20.335,20.335,20.335,0.0
M1 hermes_history,0.0,0.0,75.0,9.33,22.6675,22.6675,22.6675,0.0
M1 hermes_history,0.0,0.0,90.0,9.33,24.067,24.067,24.067,0.0
M1 hermes_history,0.0,80.0,0.0,9.33,15.67,15.67,15.67,0.0
M1 hermes_history,0.0,80.0,10.0,9.33,15.8566,15.8566,15.8566,0.0
M1 hermes_history,0.0,80.0,25.0,9.33,16.1365,16.1365,16.1365,0.0
M1 hermes_history,0.0,80.0,50.0,9.33,16.603,16.603,16.603,0.0
M1 hermes_history,0.0,80.0,75.0,9.33,17.0695,17.0695,17.0695,0.0
M1 hermes_history,0.0,80.0,90.0,9.33,17.3494,17.3494,17.3494,0.0
M2 conservation,10.0,30.0,0.0,9.33,-9.33,-9.33,-5.598,-1e-06
M2 conservation,10.0,30.0,10.0,9.33,-8.7702,-8.7702,-5.0382,-1e-06
M2 conservation,10.0,30.0,25.0,9.33,-7.9305,-7.9305,-4.1985,-1e-06
M2 conservation,10.0,30.0,50.0,9.33,-6.531,-6.531,-2.799,-1e-06
M2 conservation,10.0,30.0,75.0,9.33,-5.1315,-5.1315,-1.3995,-1e-06
M2 conservation,10.0,30.0,90.0,9.33,-4.2918,-4.2918,-0.5598,-1e-06
M2 conservation,0.0,30.0,0.0,9.33,-9.33,-9.33,-6.531,-1e-06
M2 conservation,0.0,30.0,10.0,9.33,-8.6769,-8.6769,-5.8779,-1e-06
M2 conservation,0.0,30.0,25.0,9.33,-7.69725,-7.69725,-4.89825,-1e-06
M2 conservation,0.0,30.0,50.0,9.33,-6.0645,-6.0645,-3.2655,-1e-06
M2 conservation,0.0,30.0,75.0,9.33,-4.43175,-4.43175,-1.63275,-1e-06
M2 conservation,0.0,30.0,90.0,9.33,-3.4521,-3.4521,-0.6531,-1e-06
M2 conservation,10.0,0.0,0.0,9.33,-9.33,-9.33,-8.397,-1e-06
M2 conservation,10.0,0.0,10.0,9.33,-8.4903,-8.4903,-7.5573,-1e-06
M2 conservation,10.0,0.0,25.0,9.33,-7.23075,-7.23075,-6.29775,-1e-06
M2 conservation,10.0,0.0,50.0,9.33,-5.1315,-5.1315,-4.1985,-1e-06
M2 conservation,10.0,0.0,75.0,9.33,-3.03225,-3.03225,-2.09925,-1e-06
M2 conservation,10.0,0.0,90.0,9.33,-1.7727,-1.7727,-0.8397,-1e-06
M2 conservation,0.0,0.0,0.0,9.33,-9.33,-9.33,-9.33,-1e-06
M2 conservation,0.0,0.0,10.0,9.33,-8.397,-8.397,-8.397,-1e-06
M2 conservation,0.0,0.0,25.0,9.33,-6.9975,-6.9975,-6.9975,-1e-06
M2 conservation,0.0,0.0,50.0,9.33,-4.665,-4.665,-4.665,-1e-06
M2 conservation,0.0,0.0,75.0,9.33,-2.3325,-2.3325,-2.3325,-1e-06
M2 conservation,0.0,0.0,90.0,9.33,-0.933,-0.933,-0.933,-1e-06
M2 conservation,0.0,80.0,0.0,9.33,-9.33,-9.33,-1.866,-1e-06
M2 conservation,0.0,80.0,10.0,9.33,-9.1434,-9.1434,-1.6794,-1e-06
M2 conservation,0.0,80.0,25.0,9.33,-8.8635,-8.8635,-1.3995,-1e-06
M2 conservation,0.0,80.0,50.0,9.33,-8.397,-8.397,-0.933,-1e-06
M2 conservation,0.0,80.0,75.0,9.33,-7.9305,-7.9305,-0.4665,-1e-06
M2 conservation,0.0,80.0,90.0,9.33,-7.6506,-7.6506,-0.1866,-1e-06
M3 conservation_dues,10.0,30.0,0.0,9.33,-0.933,-0.933,0.0,0.0
M3 conservation_dues,10.0,30.0,10.0,9.33,-0.3732,-0.3732,0.5598,0.0
M3 conservation_dues,10.0,30.0,25.0,9.33,0.4665,0.4665,1.3995,0.0
M3 conservation_dues,10.0,30.0,50.0,9.33,1.866,1.866,2.799,0.0
M3 conservation_dues,10.0,30.0,75.0,9.33,3.2655,3.2655,4.1985,0.0
M3 conservation_dues,10.0,30.0,90.0,9.33,4.1052,4.1052,5.0382,0.0
M3 conservation_dues,0.0,30.0,0.0,9.33,0.0,0.0,0.0,0.0
M3 conservation_dues,0.0,30.0,10.0,9.33,0.6531,0.6531,0.6531,0.0
M3 conservation_dues,0.0,30.0,25.0,9.33,1.63275,1.63275,1.63275,0.0
M3 conservation_dues,0.0,30.0,50.0,9.33,3.2655,3.2655,3.2655,0.0
M3 conservation_dues,0.0,30.0,75.0,9.33,4.89825,4.89825,4.89825,0.0
M3 conservation_dues,0.0,30.0,90.0,9.33,5.8779,5.8779,5.8779,0.0
M3 conservation_dues,10.0,0.0,0.0,9.33,-0.933,-0.933,0.0,0.0
M3 conservation_dues,10.0,0.0,10.0,9.33,-0.0933,-0.0933,0.8397,0.0
M3 conservation_dues,10.0,0.0,25.0,9.33,1.16625,1.16625,2.09925,0.0
M3 conservation_dues,10.0,0.0,50.0,9.33,3.2655,3.2655,4.1985,0.0
M3 conservation_dues,10.0,0.0,75.0,9.33,5.36475,5.36475,6.29775,0.0
M3 conservation_dues,10.0,0.0,90.0,9.33,6.6243,6.6243,7.5573,0.0
M3 conservation_dues,0.0,0.0,0.0,9.33,0.0,0.0,0.0,0.0
M3 conservation_dues,0.0,0.0,10.0,9.33,0.933,0.933,0.933,0.0
M3 conservation_dues,0.0,0.0,25.0,9.33,2.3325,2.3325,2.3325,0.0
M3 conservation_dues,0.0,0.0,50.0,9.33,4.665,4.665,4.665,0.0
M3 conservation_dues,0.0,0.0,75.0,9.33,6.9975,6.9975,6.9975,0.0
M3 conservation_dues,0.0,0.0,90.0,9.33,8.397,8.397,8.397,0.0
M3 conservation_dues,0.0,80.0,0.0,9.33,0.0,0.0,0.0,0.0
M3 conservation_dues,0.0,80.0,10.0,9.33,0.1866,0.1866,0.1866,0.0
M3 conservation_dues,0.0,80.0,25.0,9.33,0.4665,0.4665,0.4665,0.0
M3 conservation_dues,0.0,80.0,50.0,9.33,0.933,0.933,0.933,0.0
M3 conservation_dues,0.0,80.0,75.0,9.33,1.3995,1.3995,1.3995,0.0
M3 conservation_dues,0.0,80.0,90.0,9.33,1.6794,1.6794,1.6794,0.0
M3r conservation_reserve_dues,10.0,30.0,0.0,9.33,-6.531,-6.531,-5.598,-1e-06
M3r conservation_reserve_dues,10.0,30.0,10.0,9.33,-5.9712,-5.9712,-5.0382,-1e-06
M3r conservation_reserve_dues,10.0,30.0,25.0,9.33,-5.1315,-5.1315,-4.1985,-1e-06
M3r conservation_reserve_dues,10.0,30.0,50.0,9.33,-3.732,-3.732,-2.799,-1e-06
M3r conservation_reserve_dues,10.0,30.0,75.0,9.33,-2.3325,-2.3325,-1.3995,-1e-06
M3r conservation_reserve_dues,10.0,30.0,90.0,9.33,-1.4928,-1.4928,-0.5598,-1e-06
M3r conservation_reserve_dues,0.0,30.0,0.0,9.33,-6.531,-6.531,-6.531,-1e-06
M3r conservation_reserve_dues,0.0,30.0,10.0,9.33,-5.8779,-5.8779,-5.8779,-1e-06
M3r conservation_reserve_dues,0.0,30.0,25.0,9.33,-4.89825,-4.89825,-4.89825,-1e-06
M3r conservation_reserve_dues,0.0,30.0,50.0,9.33,-3.2655,-3.2655,-3.2655,-1e-06
M3r conservation_reserve_dues,0.0,30.0,75.0,9.33,-1.63275,-1.63275,-1.63275,-1e-06
M3r conservation_reserve_dues,0.0,30.0,90.0,9.33,-0.6531,-0.6531,-0.6531,-1e-06
M3r conservation_reserve_dues,10.0,0.0,0.0,9.33,-9.33,-9.33,-8.397,-1e-06
M3r conservation_reserve_dues,10.0,0.0,10.0,9.33,-8.4903,-8.4903,-7.5573,-1e-06
M3r conservation_reserve_dues,10.0,0.0,25.0,9.33,-7.23075,-7.23075,-6.29775,-1e-06
M3r conservation_reserve_dues,10.0,0.0,50.0,9.33,-5.1315,-5.1315,-4.1985,-1e-06
M3r conservation_reserve_dues,10.0,0.0,75.0,9.33,-3.03225,-3.03225,-2.09925,-1e-06
M3r conservation_reserve_dues,10.0,0.0,90.0,9.33,-1.7727,-1.7727,-0.8397,-1e-06
M3r conservation_reserve_dues,0.0,0.0,0.0,9.33,-9.33,-9.33,-9.33,-1e-06
M3r conservation_reserve_dues,0.0,0.0,10.0,9.33,-8.397,-8.397,-8.397,-1e-06
M3r conservation_reserve_dues,0.0,0.0,25.0,9.33,-6.9975,-6.9975,-6.9975,-1e-06
M3r conservation_reserve_dues,0.0,0.0,50.0,9.33,-4.665,-4.665,-4.665,-1e-06
M3r conservation_reserve_dues,0.0,0.0,75.0,9.33,-2.3325,-2.3325,-2.3325,-1e-06
M3r conservation_reserve_dues,0.0,0.0,90.0,9.33,-0.933,-0.933,-0.933,-1e-06
M3r conservation_reserve_dues,0.0,80.0,0.0,9.33,-1.866,-1.866,-1.866,-1e-06
M3r conservation_reserve_dues,0.0,80.0,10.0,9.33,-1.6794,-1.6794,-1.6794,-1e-06
M3r conservation_reserve_dues,0.0,80.0,25.0,9.33,-1.3995,-1.3995,-1.3995,-1e-06
M3r conservation_reserve_dues,0.0,80.0,50.0,9.33,-0.933,-0.933,-0.933,-1e-06
M3r conservation_reserve_dues,0.0,80.0,75.0,9.33,-0.4665,-0.4665,-0.4665,-1e-06
M3r conservation_reserve_dues,0.0,80.0,90.0,9.33,-0.1866,-0.1866,-0.1866,-1e-06
