mechanism,start,month,own_credit,limit,interest_paid
M0 pagerank_vouch,line,0,50.0,50.0,0.0
M0 pagerank_vouch,line,1,50.0,50.0,0.383424
M0 pagerank_vouch,line,2,50.0,50.0,0.766848
M0 pagerank_vouch,line,3,50.0,50.0,1.150272
M0 pagerank_vouch,line,4,50.0,50.0,1.533696
M0 pagerank_vouch,line,5,50.0,50.0,1.91712
M0 pagerank_vouch,line,6,50.0,50.0,2.300544
M0 pagerank_vouch,line,7,50.0,50.0,2.683968
M0 pagerank_vouch,line,8,50.0,50.0,3.067392
M0 pagerank_vouch,line,9,50.0,50.0,3.450816
M0 pagerank_vouch,line,10,50.0,50.0,3.83424
M0 pagerank_vouch,line,11,50.0,50.0,4.217664
M0 pagerank_vouch,line,12,50.0,50.0,4.601088
M0 pagerank_vouch,backed,0,89.4957,89.4957,0.0
M0 pagerank_vouch,backed,1,89.4957,89.4957,0.383424
M0 pagerank_vouch,backed,2,89.4957,89.4957,0.766848
M0 pagerank_vouch,backed,3,89.4957,89.4957,1.150272
M0 pagerank_vouch,backed,4,89.4957,89.4957,1.533696
M0 pagerank_vouch,backed,5,89.4957,89.4957,1.91712
M0 pagerank_vouch,backed,6,89.4957,89.4957,2.300544
M0 pagerank_vouch,backed,7,89.4957,89.4957,2.683968
M0 pagerank_vouch,backed,8,89.4957,89.4957,3.067392
M0 pagerank_vouch,backed,9,89.4957,89.4957,3.450816
M0 pagerank_vouch,backed,10,89.4957,89.4957,3.83424
M0 pagerank_vouch,backed,11,89.4957,89.4957,4.217664
M0 pagerank_vouch,backed,12,89.4957,89.4957,4.601088
M1 hermes_history,line,0,50.0,50.0,0.0
M1 hermes_history,line,1,62.5,62.5,0.383424
M1 hermes_history,line,2,75.0,75.0,0.766848
M1 hermes_history,line,3,87.5,87.5,1.150272
M1 hermes_history,line,4,100.0,100.0,1.533696
M1 hermes_history,line,5,100.0,100.0,1.91712
M1 hermes_history,line,6,100.0,100.0,2.300544
M1 hermes_history,line,7,100.0,100.0,2.683968
M1 hermes_history,line,8,100.0,100.0,3.067392
M1 hermes_history,line,9,100.0,100.0,3.450816
M1 hermes_history,line,10,100.0,100.0,3.83424
M1 hermes_history,line,11,100.0,100.0,4.217664
M1 hermes_history,line,12,100.0,100.0,4.601088
M1 hermes_history,backed,0,0.0,50.0,0.0
M1 hermes_history,backed,1,12.5,62.5,0.383424
M1 hermes_history,backed,2,25.0,75.0,0.766848
M1 hermes_history,backed,3,37.5,87.5,1.150272
M1 hermes_history,backed,4,50.0,100.0,1.533696
M1 hermes_history,backed,5,62.5,112.5,1.91712
M1 hermes_history,backed,6,75.0,125.0,2.300544
M1 hermes_history,backed,7,87.5,137.5,2.683968
M1 hermes_history,backed,8,100.0,150.0,3.067392
M1 hermes_history,backed,9,100.0,150.0,3.450816
M1 hermes_history,backed,10,100.0,150.0,3.83424
M1 hermes_history,backed,11,100.0,150.0,4.217664
M1 hermes_history,backed,12,100.0,150.0,4.601088
M2 conservation,line,0,50.0,50.0,0.0
M2 conservation,line,1,50.0,50.0,0.383424
M2 conservation,line,2,50.0,50.0,0.766848
M2 conservation,line,3,50.0,50.0,1.150272
M2 conservation,line,4,50.0,50.0,1.533696
M2 conservation,line,5,50.0,50.0,1.91712
M2 conservation,line,6,50.0,50.0,2.300544
M2 conservation,line,7,50.0,50.0,2.683968
M2 conservation,line,8,50.0,50.0,3.067392
M2 conservation,line,9,50.0,50.0,3.450816
M2 conservation,line,10,50.0,50.0,3.83424
M2 conservation,line,11,50.0,50.0,4.217664
M2 conservation,line,12,50.0,50.0,4.601088
M2 conservation,backed,0,0.0,50.0,0.0
M2 conservation,backed,1,0.0,50.0,0.383424
M2 conservation,backed,2,0.0,50.0,0.766848
M2 conservation,backed,3,0.0,50.0,1.150272
M2 conservation,backed,4,0.0,50.0,1.533696
M2 conservation,backed,5,0.0,50.0,1.91712
M2 conservation,backed,6,0.0,50.0,2.300544
M2 conservation,backed,7,0.0,50.0,2.683968
M2 conservation,backed,8,0.0,50.0,3.067392
M2 conservation,backed,9,0.0,50.0,3.450816
M2 conservation,backed,10,0.0,50.0,3.83424
M2 conservation,backed,11,0.0,50.0,4.217664
M2 conservation,backed,12,0.0,50.0,4.601088
M3 conservation_dues,line,0,50.0,50.0,0.0
M3 conservation_dues,line,1,50.345082,50.345082,0.383424
M3 conservation_dues,line,2,50.690164,50.690164,0.766848
M3 conservation_dues,line,3,51.035246,51.035246,1.150272
M3 conservation_dues,line,4,51.380328,51.380328,1.533696
M3 conservation_dues,line,5,51.72541,51.72541,1.91712
M3 conservation_dues,line,6,52.070492,52.070492,2.300544
M3 conservation_dues,line,7,52.415574,52.415574,2.683968
M3 conservation_dues,line,8,52.760656,52.760656,3.067392
M3 conservation_dues,line,9,53.105738,53.105738,3.450816
M3 conservation_dues,line,10,53.45082,53.45082,3.83424
M3 conservation_dues,line,11,53.795902,53.795902,4.217664
M3 conservation_dues,line,12,54.140984,54.140984,4.601088
M3 conservation_dues,backed,0,0.0,50.0,0.0
M3 conservation_dues,backed,1,0.345082,50.345082,0.383424
M3 conservation_dues,backed,2,0.690164,50.690164,0.766848
M3 conservation_dues,backed,3,1.035246,51.035246,1.150272
M3 conservation_dues,backed,4,1.380328,51.380328,1.533696
M3 conservation_dues,backed,5,1.72541,51.72541,1.91712
M3 conservation_dues,backed,6,2.070492,52.070492,2.300544
M3 conservation_dues,backed,7,2.415574,52.415574,2.683968
M3 conservation_dues,backed,8,2.760656,52.760656,3.067392
M3 conservation_dues,backed,9,3.105738,53.105738,3.450816
M3 conservation_dues,backed,10,3.45082,53.45082,3.83424
M3 conservation_dues,backed,11,3.795902,53.795902,4.217664
M3 conservation_dues,backed,12,4.140984,54.140984,4.601088
M3r conservation_reserve_dues,line,0,50.0,50.0,0.0
M3r conservation_reserve_dues,line,1,50.115027,50.115027,0.383424
M3r conservation_reserve_dues,line,2,50.230054,50.230054,0.766848
M3r conservation_reserve_dues,line,3,50.345081,50.345081,1.150272
M3r conservation_reserve_dues,line,4,50.460108,50.460108,1.533696
M3r conservation_reserve_dues,line,5,50.575135,50.575135,1.91712
M3r conservation_reserve_dues,line,6,50.690162,50.690162,2.300544
M3r conservation_reserve_dues,line,7,50.805189,50.805189,2.683968
M3r conservation_reserve_dues,line,8,50.920216,50.920216,3.067392
M3r conservation_reserve_dues,line,9,51.035243,51.035243,3.450816
M3r conservation_reserve_dues,line,10,51.15027,51.15027,3.83424
M3r conservation_reserve_dues,line,11,51.265297,51.265297,4.217664
M3r conservation_reserve_dues,line,12,51.380324,51.380324,4.601088
M3r conservation_reserve_dues,backed,0,0.0,50.0,0.0
M3r conservation_reserve_dues,backed,1,0.115027,50.115027,0.383424
M3r conservation_reserve_dues,backed,2,0.230054,50.230054,0.766848
M3r conservation_reserve_dues,backed,3,0.345081,50.345081,1.150272
M3r conservation_reserve_dues,backed,4,0.460108,50.460108,1.533696
M3r conservation_reserve_dues,backed,5,0.575135,50.575135,1.91712
M3r conservation_reserve_dues,backed,6,0.690162,50.690162,2.300544
M3r conservation_reserve_dues,backed,7,0.805189,50.805189,2.683968
M3r conservation_reserve_dues,backed,8,0.920216,50.920216,3.067392
M3r conservation_reserve_dues,backed,9,1.035243,51.035243,3.450816
M3r conservation_reserve_dues,backed,10,1.15027,51.15027,3.83424
M3r conservation_reserve_dues,backed,11,1.265297,51.265297,4.217664
M3r conservation_reserve_dues,backed,12,1.380324,51.380324,4.601088
M4 credit_network_multihop,line,0,50.0,50.0,0.0
M4 credit_network_multihop,line,1,50.0,50.0,0.383424
M4 credit_network_multihop,line,2,50.0,50.0,0.766848
M4 credit_network_multihop,line,3,50.0,50.0,1.150272
M4 credit_network_multihop,line,4,50.0,50.0,1.533696
M4 credit_network_multihop,line,5,50.0,50.0,1.91712
M4 credit_network_multihop,line,6,50.0,50.0,2.300544
M4 credit_network_multihop,line,7,50.0,50.0,2.683968
M4 credit_network_multihop,line,8,50.0,50.0,3.067392
M4 credit_network_multihop,line,9,50.0,50.0,3.450816
M4 credit_network_multihop,line,10,50.0,50.0,3.83424
M4 credit_network_multihop,line,11,50.0,50.0,4.217664
M4 credit_network_multihop,line,12,50.0,50.0,4.601088
M4 credit_network_multihop,backed,0,0.0,50.0,0.0
M4 credit_network_multihop,backed,1,0.0,50.0,0.383424
M4 credit_network_multihop,backed,2,0.0,50.0,0.766848
M4 credit_network_multihop,backed,3,0.0,50.0,1.150272
M4 credit_network_multihop,backed,4,0.0,50.0,1.533696
M4 credit_network_multihop,backed,5,0.0,50.0,1.91712
M4 credit_network_multihop,backed,6,0.0,50.0,2.300544
M4 credit_network_multihop,backed,7,0.0,50.0,2.683968
M4 credit_network_multihop,backed,8,0.0,50.0,3.067392
M4 credit_network_multihop,backed,9,0.0,50.0,3.450816
M4 credit_network_multihop,backed,10,0.0,50.0,3.83424
M4 credit_network_multihop,backed,11,0.0,50.0,4.217664
M4 credit_network_multihop,backed,12,0.0,50.0,4.601088
